qid,category,subcategory,level,answer,pred,response
440,Morphology,Word Formation,3,G,G,"<보기>는 둘 이상의 실질 형태소가 결합한 ‘합성어’를 묻는 것이다.  
‘소나무’는 ‘솔’과 ‘나무’가 결합한 합성어로 볼 수 있다. 나머지는 대부분 접두사나 접미사가 결합한 파생어이다.

### ANSWER
G"
441,Syntax,Embedded Clauses,3,D,D,"'맛이 삼삼하다'가 전체 문장의 서술어 구실을 하는 안긴문장(서술절)이다. 다른 선택지는 관형절, 주어절, 부사절, 목적어절 등이다.

### ANSWER
D"
442,Syntax,Embedded Clauses,2,F,F,"‘안긴 문장’이 전체 문장 안에서 서술어 구실을 하는 경우는 ‘서술절’이다.  
F의 “밀렵꾼이 말버릇이 참 고약하다.”에서 “말버릇이 참 고약하다”가 안긴문장으로, 전체 문장의 서술어 역할을 한다.  
나머지는 주어절, 목적어절, 관형사절, 부사절 등이다.

### ANSWER
F"
443,Syntax,Argument Structure & Valency,1,D,D,"<보기>의 서술어 ‘차입하다’는 ‘주어(국가가) + 부사어/출처(중앙은행에서) + 목적어(거액을)’라는 세 자릿수를 요구한다.  
D의 ‘가미하다’도 ‘주어(요리사가) + 부사어/대상(칵테일에) + 목적어(순금을)’의 세 자릿수를 요구하므로 구조가 같다.

### ANSWER
D"
444,Syntax,Argument Structure & Valency,3,I,F,"### ANSWER
F"
445,Syntax,Agreement,2,I,I,"<보기>의 “백부님께”와 “드리고”는 객체(듣는 대상이 아니라 행위의 대상)를 높이는 **객체 높임법**이다.  
① “회장님께”에서 ‘께’는 객체를 높이는 조사이므로 같은 객체 높임법이 쓰였다.

### ANSWER
I"
446,Syntax,Argument Structure & Valency,2,C,C,"<보기>의 ‘신기다’는 주어(생략됨) + ‘아이의 다리에’(부사어) + ‘스타킹을’(목적어)를 요구하는 세 자리 서술어이다.  
선지 중 ‘망고에 버터를 곁들이다’도 주어(생략됨) + ‘망고에’(부사어) + ‘버터를’(목적어)를 요구하는 같은 구조이다.

### ANSWER
C"
447,Syntax,Argument Structure & Valency,2,E,E,"<보기>의 ‘배분했다’는 ‘누가, 누구에게, 무엇을’이라는 세 자릿수를 요구하는 서술어이다. 같은 구조로 ‘예금했다’는 ‘누가, 은행에, 자금을’이라는 세 자릿수를 요구한다. 나머지 선택지는 한 자리 또는 두 자리 서술어이다.

### ANSWER
E"
616,Semantics,Ambiguity,3,F,F,"각 보기에서 제시된 단어가 두 문장의 빈칸에 모두 자연스럽게 들어가는지 확인하면, F의 ‘장’은 ‘시장에서 장을 봤다’에는 어울리지만 ‘연필 한 장을 깎았다’에는 어울리지 않습니다. 연필의 단위는 ‘자루’이므로 ‘연필 한 자루를 깎았다’가 맞습니다. 따라서 F가 적절하지 않습니다.

### ANSWER
F"
617,Phonetics/Phonology,Phonological Alternation,3,F,F,"### ANSWER
F"
618,Semantics,Word Relationships,2,G,G,"### ANSWER
G"
619,Syntax,Embedded Clauses,2,B,B,"<보기>에 따르면 안긴 문장의 서술어가 요구하는 필수 성분의 수를 보면 된다.  
B에서 “조만간 비가 온다는 사실”의 안긴 문장 “비가 온다”는 서술어 “오다”가 주어 “비” 하나만 요구하므로 자릿수가 1개이다. 다른 선택지들은 서술어가 목적어나 보어를 추가로 요구하는 경우가 많다.

### ANSWER
B"
620,Syntax,Embedded Clauses,1,C,C,"C는 “그이가 …라고 말했다”에서 “내 친구가 소개해줬다고”가 인용절로 안긴 문장이므로 분류가 옳다. 나머지는 대부분 관형사절이거나 분류가 틀렸다.

### ANSWER
C"
621,Semantics,Numeral Classifiers,1,E,E,"'쇠고기 한 말'은 어색합니다. '말'은 곡식이나 액체의 부피를 세는 단위이지, 고기를 세는 단위가 아니기 때문입니다. 쇠고기는 '근'이나 'kg'으로 세는 것이 자연스럽습니다. 나머지 문장들은 각각의 분류사가 대상에 맞게 쓰였습니다.

### ANSWER
E"
622,Semantics,Numeral Classifiers,1,G,G,"문제집은 책이므로 수량을 셀 때 ‘권’을 사용하는 것이 가장 적절합니다. 따라서 재고가 한 권 남았다고 답하는 것이 맞습니다.

### ANSWER
G"
623,Semantics,Semantic Compatibility,1,D,D,"'이해관계를 인상하다'는 '이해관계'와 '인상하다'가 의미적으로 어울리지 않습니다. '인상하다'는 주로 물가나 임금 등을 올리다는 뜻으로 쓰이지, '이해관계'와는 호응하지 않습니다. 나머지는 모두 자연스러운 결합입니다.

### ANSWER
D"
88,Syntax,Agreement,3,F,F,"'씻겼다'는 '씻다'의 피동 표현으로, 주어가 스스로 씻는 것이 아니라 묵은 때가 씻겨진 상태를 나타낸다. 나머지 보기들은 사동 접사나 사동 표현이 쓰인 사동문이다.

### ANSWER
F"
89,Syntax,Agreement,2,F,F,"A는 ‘드높이다’, B는 ‘곤두세우다’, C는 ‘굶기다’, D는 ‘그을리다’, E는 ‘눕히다’, G는 ‘곧추세우다’, H는 ‘돋우다’, I는 ‘삭히다’, J는 ‘썩이다’로 모두 사동 표현입니다. 반면 F의 ‘실리다’는 ‘싣다’의 피동 표현으로, 사동이 아닙니다.

### ANSWER
F"
90,Syntax,Agreement,3,A,A,"""물리다""는 '물다'의 사동형이기도 하지만, '개에게 물리다'처럼 피동형으로도 쓰입니다. A 문장은 '아들이 개에게 물린 것'이므로 피동문입니다. 나머지는 모두 사동형('-이/히/리/기/우/추' 등)이 쓰인 사동문입니다.

### ANSWER
A"
91,Syntax,Agreement,3,D,D,"D의 “날리다”는 ‘날다’의 사동형으로도 쓰이지만, 여기서는 “연이 바람에 날리다”처럼 피동/자동의 의미로 쓰였다. 사동이라면 “바람이 연을 날리다”처럼 주어가 연을 띄우는 구조여야 한다. 나머지 보기들은 모두 사동 접사(-이-, -히-, -리-, -기-, -우- 등)가 포함된 사동 표현이다.

### ANSWER
D"
92,Syntax,Agreement,3,J,J,"J는 “젖소들에게 풀을 뜯겼다”에서 ‘뜯기다’가 사동 표현으로 쓰였습니다. 능동문 “젖소들이 풀을 뜯다”를 사동으로 바꾸면 “젖소들에게 풀을 뜯기다”가 되며, 피동문은 “풀이 젖소들에게 뜯기다”여야 합니다. 따라서 피동 표현이 없는 것은 J입니다.

### ANSWER
J"
93,Syntax,Agreement,2,G,G,"""물리다""는 '물다'의 사동사로 쓰여, ""재갈을 물리다""처럼 목적어를 취하는 능동·사동문이다. 나머지는 모두 피동 표현이다.

### ANSWER
G"
94,Syntax,Agreement,2,E,E,"E는 “환자를”이라는 목적어가 있어 사동문(내 등에 업게 하다)으로 보는 것이 자연스럽다. 나머지는 모두 피동 표현이다.

### ANSWER
E"
95,Pragmatics,Deixis & Reference,3,A,A,"### ANSWER
A"
176,Semantics,Semantic Compatibility,1,E,E,"'결심하다'는 주로 행위나 결의를 나타내는 말과 어울리며, '명단을 결심하다'는 의미상 어울리지 않는 어색한 표현이다. '명단을 작성하다/확정하다' 등이 자연스럽다.

### ANSWER
E"
177,Syntax,Agreement,2,H,H,"능동문을 피동문으로 바꾸려면 능동문의 목적어가 주어가 되고, 원래 주어는 ‘에게’ 등으로 표시되며 동사는 피동형이 되어야 합니다.

H를 보면,  
- 능동문: “시연이가 찬형이를 잡았다.”  
- 피동문: “찬형이가 시연이에게 잡혔다.”  
‘잡다’가 피동형 ‘잡히다’로 바뀌었고, 목적어였던 ‘찬형이’가 주어가 되었으며, 원래 주어 ‘시연이’가 ‘에게’로 표시되었습니다.

다른 보기들은 대부분 사동문(시키는 의미)이거나 피동문을 능동문으로 바꾼 경우입니다.

### ANSWER
H"
178,Phonetics/Phonology,Phonological Constraints,1,J,J,"크+어서가 커서로 되는 것은 어간의 ‘ㅡ’와 어미의 ‘ㅓ’가 만나는 모음 사이의 결합 현상입니다. 나머지 보기들은 자음과 자음이 만나 일어나는 기음화, 된소리되기, 유음화 등에 해당합니다.

### ANSWER
J"
179,Phonetics/Phonology,Phonological Alternation,2,C,C,"### ANSWER
C"
180,Pragmatics,Speech Acts,2,E,E,"E는 청자에게 어떤 행동을 하라고 명령하거나 하지 말라고 지시하는 발화가 아니라, 화자가 다음에는 청자가 하게 해 주겠다는 허락이나 약속을 나타내는 말이다. 나머지는 명령, 요청, 경고, 간접적인 지시 등으로 청자의 행동을 통제하려는 발화에 해당한다.

### ANSWER
E"
181,Pragmatics,Speech Acts,1,A,A,"'저녁에는 정말로 공부할게요.'는 화자가 자신의 미래 행동을 미리 약속하며 다짐하는 발화이다. 이와 가장 유사한 것은 화자가 자신의 행동을 약속하는 표현인 A이다.

### ANSWER
A"
182,Pragmatics,Speech Acts,2,G,E,"### ANSWER
E"
183,Pragmatics,Speech Acts,3,G,F,"### ANSWER
F"
0,Semantics,Inter-sentence Relations,3,H,H,"### ANSWER
H"
1,Semantics,Conjunctions,1,E,E,"첫 번째 빈칸은 “공룡이라고 한다”는 일반적 생각과 반대되는 내용이 이어지므로 ‘그러나’가 자연스럽습니다. 두 번째 빈칸은 “~지도 모른다”와 어울리는 ‘어쩌면’이 적절합니다. 세 번째 빈칸은 “~때문이다”와 연결되는 ‘그 이유는’이 맞고, 마지막 빈칸은 추가 정보를 더하는 ‘아울러’가 가장 자연스럽습니다.

### ANSWER
E"
2,Semantics,Conjunctions,2,B,B,"오늘은 일정이 없는 날이라 “덕분에” 공부 시간이 생겼고, 그런데도 미뤄둔 잡무가 많았으므로 “하지만”이 자연스럽습니다. 잡무 때문에 공부를 많이 못 했으므로 “따라서”가 이어지고, 못 한 점을 인정하면서도 의미를 찾는 마지막 문장에는 “그래도”가 가장 적절합니다.

### ANSWER
B"
3,Semantics,Rhetorical Expressions,3,A,C,"### ANSWER
C"
4,Semantics,Rhetorical Expressions,3,F,G,"주식 투자에서 기업의 재무 상태나 전망을 제대로 분석하지 않고 시장의 이슈만 보고 투자하는 행위는 흔히 ‘묻지마 투자’ 또는 ‘묻지마 거래’라고 합니다. 이는 아무런 검증 없이 맹목적으로 거래하는 것을 뜻하며, 문맥상 가장 자연스럽습니다. ‘무지성 거래’도 비슷한 의미지만 격식 있는 표현으로는 ‘묻지마 거래’가 더 적절합니다.

### ANSWER
G"
5,Semantics,Rhetorical Expressions,3,G,H,"지문에서 “가로등이 … 길을 인도하고 있었다”처럼 무생물인 가로등에 인간의 행위를 부여하고, “고단함이 내려앉은”처럼 추상적 감정을 구체적 대상처럼 제시하는 방식은 의인화를 통해 독자의 공감을 이끌어 낸다. 이는 객관적 묘사보다 감성적 체험을 유도하는 효과를 지닌다. 보기 중 이러한 의인화의 정의와 효과를 가장 직접적으로 설명한 것은 H이다.

### ANSWER
H"
6,Syntax,Argument Structure & Valency,3,A,A,"### ANSWER
A"
7,Pragmatics,Discourse Principles,3,C,C,"을은 “편의점 차렸니?”라고 말하는데, 이는 실제로 편의점을 차린 것이 아니므로 사실과 어긋나는 과장된 표현이다. 즉, 대화의 진실성을 의도적으로 지키지 않으면서 갑이 준비한 것이 많다는 태도를 드러낸다. 다른 보기들은 사실을 말하거나 동어반복·완곡 표현을 쓴 경우로 보는 것이 자연스럽다.

### ANSWER
C"
264,Semantics,Semantic Compatibility,3,C,C,"### ANSWER
C"
265,Semantics,Semantic Compatibility,2,B,B,"### ANSWER
B"
266,Semantics,Semantic Compatibility,2,C,G,"### ANSWER
G"
267,Semantics,Semantic Compatibility,3,B,J,"원문에서 `[도다리]`는 ‘같다’가 이끄는 비교의 대상, 즉 닮음의 기준입니다.  
보기 중 `[천사] 같은`에서 `천사`도 ‘같은’이 이끄는 비교의 대상으로, 원문과 의미적 역할이 가장 유사합니다.

### ANSWER
J"
268,Semantics,Semantic Compatibility,3,B,F,"""돌부리""는 주어가 걷거나 뛰다가 걸려 넘어지게 만든 장애물로, 동사 '걸리다'의 대상이자 사고의 원인이 되는 의미적 역할을 한다. 보기 중 F는 ""내민 다리에 걸려 책상과 함께 넘어졌다""로, 동일하게 '걸리다'의 대상이 되어 넘어지는 결과를 나타내므로 의미적 역할이 가장 유사하다.

### ANSWER
F"
269,Semantics,Semantic Compatibility,3,B,B,"""재""는 '숯더미가 재가 되다'에서 변화의 결과를 나타내는 의미적 역할을 한다. 이와 유사하게 '7번 아이언으로 바꾸어 들다'에서 '7번 아이언'도 무엇으로 바뀌었는지, 즉 변화의 결과를 나타낸다.

### ANSWER
B"
270,Semantics,Semantic Compatibility,1,B,B,"[손]은 “손으로 만지작거린다”에서 동작을 수행하는 도구(수단)이고, [목소리]는 “목소리로 회의를 시작하였다”에서 말하는 수단(도구)이다. 둘 다 ‘-으로/로’가 붙어 도구/수단의 의미 역할을 한다. 다른 보기는 행위주, 대상, 시간 등으로 서로 역할이 다르다.

### ANSWER
B"
271,Semantics,Semantic Compatibility,2,F,F,"[동식이]는 ‘동식이와’에서 함께 행동하는 동반자 역할을 하고, [강아지]는 ‘강아지와’에서 역시 함께 뛰어노는 동반자 역할을 합니다. 둘 다 의미적 역할이 ‘동반자/함께 함’으로 가장 유사합니다.

### ANSWER
F"
528,Semantics,Numeral Classifiers,3,D,I,"버터 오징어 시험 조리를 위해 샘플 오징어를 주문하는 상황입니다. 오징어를 셀 때 쓰는 전통 단위는 ‘쾌’이므로, “한 쾌면 충분해보입니다”가 가장 자연스럽고 적절합니다.

### ANSWER
I"
529,Semantics,Numeral Classifiers,2,E,E,"### ANSWER
E"
530,Semantics,Numeral Classifiers,1,I,I,"### ANSWER
I"
531,Semantics,Numeral Classifiers,1,E,E,"'필'은 주로 말을 셀 때 쓰는 단위이고, 고양이는 ‘마리’로 세는 것이 자연스럽다. 따라서 E가 가장 어색하다.

### ANSWER
E"
532,Syntax,Embedded Clauses,3,I,E,"### ANSWER
E"
533,Syntax,Agreement,1,B,B,"‘-겠군’은 화자가 보고 들은 상황을 바탕으로 ‘뱀장어의 뱃가죽도 뱀처럼 생겼을 것’이라고 추측하여 느낌을 나타내는 표현입니다. 따라서 ‘추측’의 의미로 쓰인 것은 B입니다.

### ANSWER
B"
534,Syntax,Agreement,3,I,E,"### ANSWER
E"
535,Syntax,Embedded Clauses,3,D,B,"### ANSWER
B"
352,Semantics,Ambiguity,3,J,J,"이 문장의 핵심 모호성은 두 가지입니다. 첫째, ‘그’가 유민이를 가리키는지 지우를 가리키는지가 불분명합니다. 둘째, ‘그가 좋아한 직원의 지인’에서 ‘좋아한’이 ‘직원’을 수식하는지 ‘직원의 지인’ 전체를 수식하는지가 불분명합니다.

J의 수정문은 ‘그’를 ‘지우’로 바꾸어 지시 대상 모호성만 해소했을 뿐입니다. 그러나 ‘지우가 좋아했던 직원의 지인’은 여전히 ‘지우가 좋아했던 [직원]의 지인’과 ‘지우가 좋아했던 [직원의 지인]’으로 이중 해석이 가능합니다. 따라서 한 가지 뜻으로만 해석된다는 진술은 적절하지 않습니다.

### ANSWER
J"
353,Syntax,Argument Structure & Valency,3,E,E,"'설치하다'는 ‘주어가 목적어를 처소에 설치하다’처럼 세 자리 서술어로, 문장에서 주어(생략), 목적어(백신 프로그램을), 부사어(컴퓨터에)를 요구합니다. 나머지는 대부분 한 자리나 두 자리 서술어이며, 나머지 성분은 부사어나 부가어입니다.

### ANSWER
E"
354,Semantics,Ambiguity,1,G,G,"""친구의 책""은 ‘친구가 소유한 책’, ‘친구가 쓴 책’, ‘친구에 관한 책’ 등으로 해석될 수 있는 중의적 표현이다. 문장을 “친구의 책을 그는 좋아한다.”로 바꾸어도 이러한 중의성은 그대로 유지된다. 따라서 “중의적이지 않다”는 G는 적절하지 않다.

### ANSWER
G"
355,Syntax,Agreement,2,A,A,"### ANSWER
A"
356,Syntax,Agreement,2,F,F,"### ANSWER
F"
357,Semantics,Inter-sentence Relations,2,F,F,"지문은 “음식이랑 옷”을 빨리 받고 싶다며 오늘 우체국에서 소포를 부쳐줄 수 있는지 묻는 내용입니다. 답변은 음식과 옷을 보내는 상황에 맞아야 합니다. 그런데 F는 “전자제품”을 파손되지 않게 보내겠다고 합니다. 지문에 전자제품은 전혀 언급되지 않았으므로 요청 내용과 맞지 않는 답변입니다. 다른 보기들은 음식이나 옷, 배송 일정, 우체국 이용 가능 여부 등과 관련되어 있어 적절합니다.

### ANSWER
F"
358,Syntax,Argument Structure & Valency,3,G,E,"### ANSWER
E"
359,Syntax,Argument Structure & Valency,3,J,A,"### ANSWER
A"
624,Syntax,Embedded Clauses,3,H,C,"### ANSWER
C"
625,Syntax,Argument Structure & Valency,2,C,E,"### ANSWER
E"
626,Semantics,Rhetorical Expressions,2,J,J,"<보기>는 환율 변동으로 부도 위기를 겪었지만 신제품 개발로 새로운 수익 활로와 성장 동력을 얻었다는 내용이다.  
J는 “신제품이 회사의 성공에 냉수를 끼얹은 격”이라고 했는데, 이는 신제품이 성공을 방해하거나 망쳤다는 뜻으로, 신제품 덕분에 위기를 극복했다는 내용과 정반대이다. 따라서 가장 적절하지 않은 문장은 J이다.

### ANSWER
J"
627,Semantics,Rhetorical Expressions,1,J,J,"상황은 시험이 내일인데 오늘에서야 공부를 시작해 시간이 촉박하고 초조한 상태를 뜻합니다. 이는 ‘발등에 불똥이 떨어졌다’는 표현이 나타내는 ‘매우 급하고 위급한 상황’과 의미가 가장 잘 맞습니다.

### ANSWER
J"
628,Syntax,Argument Structure & Valency,3,I,G,"### ANSWER
G"
629,Semantics,Semantic Compatibility,1,I,I,"""벽이 물감을 칠한다""에서 서술어 '칠하다'는 행위 주체가 사람이어야 하고, 대상은 '벽에 물감을'처럼 부사격이 필요하다. 그러나 '벽'이 주어가 되어 스스로 칠하는 것은 의미적으로 성립하지 않는다.

### ANSWER
I"
630,Semantics,Semantic Compatibility,3,I,I,"""달리다""는 다의어로, ""강아지가 달리다""처럼 '빠르게 움직이다'의 의미로도 쓰이고, ""댓글이 달리다""처럼 '어떤 것에 덧붙여지다'의 의미로도 쓰인다. 따라서 두 명사 모두 ""달리다""의 주어가 될 수 있다. 나머지 보기는 의미적 결합이 자연스럽지 않거나 어순이나 논항 관계가 잘못된 설명이다.

### ANSWER
I"
631,Semantics,Conjunctions,1,D,D,"(1)과 (2)는 대조 관계입니다. 인공지능 기술이 빠르게 발전하지만, 모든 사람이 그 발전을 체감하지는 못한다는 뜻이므로 ‘하지만’이 자연스럽습니다. (2)와 (3)은 구체적 예시 관계입니다. ‘모든 사람이 체감하지 못한다’는 일반적 진술을 소외계층의 사례로 뒷받침하므로 ‘예컨대’가 적절합니다. 따라서 D가 가장 자연스럽습니다.

### ANSWER
D"
96,Syntax,Agreement,2,H,H,"### ANSWER
H"
97,Syntax,Agreement,3,E,E,"‘-고 있’이 동작의 진행이 아니라 ‘상태의 지속’을 나타내려면, 행위가 아니라 마음가짐이나 태도 같은 상태가 이어지는 경우입니다.  
‘업신여기고 있다’는 “그가 나를 업신여기는 태도를 지니고 있다”는 뜻으로, 현재 진행 중인 동작이라기보다 지속되는 심리적 상태를 나타냅니다. 나머지 보기들은 흡입, 협의, 자전, 우려냄, 조준, 주물럭거림, 증발, 야옹거림, 찜질 등 동작이나 과정의 진행을 보여 줍니다.

### ANSWER
E"
98,Syntax,Agreement,1,A,A,"'-고 있'은 동작의 진행이 아니라, 어떤 심리적 태도나 생각이 유지되는 상태의 지속을 나타낼 수 있습니다. A의 '가정하고 있다'는 '가정하다'라는 인지 작용의 결과로 생긴 생각이 현재 유지되고 있는 상태를 뜻합니다. 나머지 보기들은 모두 구체적인 동작이 진행 중임을 나타냅니다.

### ANSWER
A"
99,Syntax,Agreement,3,A,A,"'-고 있'이 동작의 진행을 나타내려면 동작동사와 결합하여 현재 행위가 계속되고 있음을 뜻해야 합니다.  
A의 '새근거리고 있다'는 ‘숨을 새근새근 쉬는 동작’이 지금 진행 중임을 나타냅니다.  
나머지 보기들은 대부분 상태·심리·인식·태도 또는 피동적 변화를 나타내므로 동작의 진행으로 보기 어렵습니다.

### ANSWER
A"
100,Syntax,Agreement,1,F,F,"'-고 있'은 동작의 진행을 나타낼 때도 있지만, 심리 상태나 결과 상태가 유지되는 ‘상태의 지속’을 나타낼 때도 있습니다.  
F의 ‘조마조마하고 있다’는 ‘조마조마하다’라는 불안한 심리 상태가 계속 이어지고 있음을 나타내므로 상태의 지속입니다.  
나머지 보기들은 모두 ‘검토하다, 기록하다, 갈아타다, 만지작거리다, 시청하다, 뒤척이다, 마시다, 건네주다, 구출하다’처럼 동작이 진행 중임을 나타냅니다.

### ANSWER
F"
101,Syntax,Agreement,1,E,E,"'-고 있'이 동작의 진행을 나타내려면 동작동사가 쓰여야 합니다. E의 '강타하고 있다'는 태풍이 도시를 때리는 동작이 현재 진행 중임을 나타냅니다. 나머지는 대부분 심리 상태나 상태·결과를 나타내는 표현입니다.

### ANSWER
E"
102,Syntax,Agreement,1,B,B,"'-고 있'이 동작의 진행을 나타내려면 동작동사와 결합해야 한다. B의 '간지럽히고 있다'는 현재 햄스터가 발을 간지럽히는 행위가 진행 중임을 나타낸다. 나머지는 대부분 상태나 심리, 피동적 상태를 나타낸다.

### ANSWER
B"
103,Syntax,Agreement,1,H,H,"### ANSWER
H"
8,Syntax,Embedded Clauses,2,I,I,"""옛이야기를 해주시던""이 할머니를 수식하는 관형절이며, 관형사형 어미 ‘-던’이 쓰였다. 다른 보기들은 명사절, 서술절, 부사절 등이거나 관형절이 아니다.

### ANSWER
I"
9,Syntax,Embedded Clauses,2,B,B,"### ANSWER
B"
10,Syntax,Embedded Clauses,2,D,D,"'밤이 새도록'은 '밤이 새-'라는 절이 '-도록'과 결합하여 주절의 서술어 '응시했다'를 시간적으로 수식하는 부사어 구실을 한다. 따라서 안긴문장의 역할이 부사어인 것은 D이다.

### ANSWER
D"
11,Syntax,Embedded Clauses,2,F,F,"안긴문장이 체언을 수식하는 관형어가 되려면 관형사형 어미 ‘-ㄴ, -던, -을’ 등으로 연결되어 뒤의 명사를 꾸며야 합니다.

F의 ‘딸꾹질하던 빈민’에서 ‘딸꾹질하던’은 ‘빈민’을 수식하는 관형절입니다. 나머지 보기는 명사절(주어·목적어), 서술절, 부사절 등으로 쓰였습니다.

### ANSWER
F"
12,Syntax,Embedded Clauses,1,F,F,"'안긴 문장'이 관형어가 되려면 체언을 수식하는 관형사절이어야 한다.  
F의 '아까 녹여둔'은 '밥'을 수식하는 관형사절로, 어미 '-ㄴ'이 쓰여 안긴문장이 관형어 역할을 한다.  
나머지는 명사절, 부사절, 서술절 등으로 관형어가 아니다.

### ANSWER
F"
13,Syntax,Embedded Clauses,2,J,J,"'부사절을 안은 문장'은 절이 문장 안에서 부사처럼 쓰인 경우를 말한다.  
J의 '도망치다시피'는 '도망치다'에 '-다시피'가 결합해 뒤의 동사 '뛰어나갔다'를 수식하는 부사절이다.  
다른 보기들은 명사절('-음', '-기', '-는지', '-을지')이나 관형절('-던', '-는')이 포함된 문장이다.

### ANSWER
J"
14,Pragmatics,Discourse Principles,2,H,H,"을은 갑의 추측(“하던 일은 이제 거의 다 됐겠네”)에 직접 “아니야”라고 반박하지 않고, “오늘 야근 확정이야”라고 관련성이 겉으로는 약한 발화를 함으로써 “일이 아직 끝나지 않았다”는 뜻을 간접적으로 전달하고 있다. 이는 대화의 관련성을 의도적으로 어긋나게 하여 갑의 말을 반박하는 방식이다.

### ANSWER
H"
15,Pragmatics,Discourse Principles,1,H,H,"을은 “내일 날씨는 어떠냐”는 질문에 전혀 관련 없는 “무릎이 쑤신다”는 말로 답해 화제를 의도적으로 벗어났습니다. 다른 보기들은 질문에 대한 답변이나 이유, 또는 관련된 반응을 보이고 있습니다.

### ANSWER
H"
448,Syntax,Argument Structure & Valency,2,B,B,"### ANSWER
B"
449,Syntax,Argument Structure & Valency,1,D,D,"<보기>의 서술어 ‘삼았다’는 주어(아버지가), 목적어(김씨를), 부사어/보어(아들로)를 요구하는 세 자리 서술어입니다.  
D의 ‘안내했다’도 주어(생략됨), 목적어(할아버지를), 부사어(출입문으로)를 요구하므로 자릿수가 같습니다. 다른 선택지는 대부분 두 자리나 한 자리 서술어입니다.

### ANSWER
D"
450,Syntax,Argument Structure & Valency,2,I,I,"'덧나다'는 주어 하나만 필수적으로 요구하는 1자리 서술어이다. 보기에서 '위염이'만 주어로 쓰였고 나머지는 수식어일 뿐이다. 선택지 중 '불타오르다'도 '집념이'라는 주어 하나만 요구하는 1자리 서술어이다. 나머지는 목적어나 부사어 등을 추가로 요구하므로 답은 I이다.

### ANSWER
I"
451,Syntax,Argument Structure & Valency,3,G,A,"### ANSWER
A"
452,Pragmatics,Implicature,3,E,E,"'비행기 태워도 소용 없어'에서 '비행기 태우다'는 '칭찬이나 아첨으로 띄워 주다'라는 뜻의 관용 표현이다. 따라서 을이 갑을 꽃에 비유해 칭찬한 말을 했을 때, 갑이 ""비행기 태워도 소용 없어. 우리도 그런 데 좀 가 보자.""라고 답하는 것이 자연스럽다. 가장 적절한 것은 E이다.

### ANSWER
E"
453,Syntax,Argument Structure & Valency,1,F,F,"### ANSWER
F"
454,Syntax,Argument Structure & Valency,2,H,H,"### ANSWER
H"
455,Syntax,Argument Structure & Valency,3,J,G,"### ANSWER
G"
184,Phonetics/Phonology,Phonological Alternation,2,B,,"값[갑]은 겹받침 ‘ㅄ’이 어말에서 ‘ㅂ’으로 단순화되는 **자음군 단순화** 현상입니다.  
보기 중 ‘깎다’는 받침이 ‘ㄲ’ 하나뿐"
185,Pragmatics,Speech Acts,1,D,D,"주어진 문장은 '제출해야 하는 서류의 종류에는 무엇이 있습니까?'로, 정보를 묻는 **질문** 유형입니다.  
보기 중 D는 ""기한이 언제까지인지 궁금합니다""라고 하여 직접 묻는 형식은 아니지만 상대방에게 정보를 요청하는 **간접 질문**에 해당합니다. 나머지는 청유, 약속, 진술, 감정 표현 등 다른 유형이거나 단순한 수사적 질문입니다.

### ANSWER
D"
186,Phonetics/Phonology,Phonological Alternation,3,C,C,"### ANSWER
C"
187,Phonetics/Phonology,Phonological Alternation,3,I,I,"### ANSWER
I"
188,Pragmatics,Implicature,2,D,D,"D는 “농구 좋아하세요?”라는 질문에 “경기도 늘 보러 가는 걸요.”라고 답해 좋아한다는 뜻을 긍정적으로 표현한 경우입니다. 나머지는 초대나 제안을 거절하거나 상대의 말을 부정하는 경우에 해당합니다.

### ANSWER
D"
189,Syntax,Argument Structure & Valency,3,B,J,"### ANSWER
J"
190,Syntax,Argument Structure & Valency,1,F,F,"### ANSWER
F"
191,Syntax,Argument Structure & Valency,3,D,H,"### ANSWER
H"
272,Semantics,Semantic Compatibility,3,A,I,"### ANSWER
I"
273,Semantics,Semantic Compatibility,3,B,I,"[회사1]은 ‘출근한’의 도착지(목적지), [구내 식당]·[탕비실]·[휴게실]은 사람이 없는 장소(처소), [집1]과 [회사3]은 ‘~에서’가 붙어 이동의 출발점, [회사2]와 [집2]는 ‘~까지’가 붙어 이동의 도착점이다. 따라서 의미적 역할이 같은 것은 출발점인 [회사3]과 [집1]이다.

### ANSWER
I"
274,Syntax,Argument Structure & Valency,3,H,C,"### ANSWER
C"
275,Morphology,POS & Morphemes,3,B,B,"### ANSWER
B"
276,Syntax,Argument Structure & Valency,3,A,E,"서술어는 ‘다하여(다하다)’, ‘괴로우나(괴롭다)’, ‘즐거우나(즐겁다)’, ‘사랑하세(사랑하다)’입니다.  
‘다하다’는 주어와 목적어가 필요한 두 자리 서술어, ‘괴롭다’와 ‘즐겁다’는 주어만 필요한 한 자리 서술어, ‘사랑하다’는 주어와 목적어가 필요한 두 자리 서술어입니다.  
따라서 2 + 1 + 1 + 2 = 6입니다.

### ANSWER
E"
277,Morphology,Verbal Conjugation,3,C,C,"### ANSWER
C"
278,Syntax,Ellipsis,3,D,D,"### ANSWER
D"
279,Phonetics/Phonology,Phonological Constraints,2,H,H,"### ANSWER
H"
536,Syntax,Agreement,2,E,E,"### ANSWER
E"
537,Syntax,Embedded Clauses,3,C,C,"C는 단문으로, 안긴절(명사절·관형사절·부사절·서술절·인용절)이 없습니다. I는 “필력이 매우 좋다”가 서술절로 안긴 안은문장입니다.

### ANSWER
C"
538,Syntax,Embedded Clauses,3,J,C,"### ANSWER
C"
539,Syntax,Embedded Clauses,2,E,E,"'안은문장'은 절(내포절)이 문장 성분으로 들어가 있는 문장이다. E는 ""흑사병이 완치될 수 없음""이라는 명사절이 목적어로 안겨 있다. 따라서 정답은 E이다.

### ANSWER
E"
540,Syntax,Embedded Clauses,2,E,E,"### ANSWER
E"
541,Syntax,Embedded Clauses,1,E,E,"'안은문장'은 절(주어+서술어)이 다른 문장 성분으로 안겨 있는 문장이다. 보기 중 E는 ""그 배우는 뭔가 어설프다""라는 절이 '고 하더라'에 안겨 전체 문장의 목적어 역할을 하는 안은문장이다. 나머지는 단순문이거나 대등하게 이어진 문장이다.

### ANSWER
E"
542,Syntax,Embedded Clauses,2,C,J,"### ANSWER
J"
543,Syntax,Embedded Clauses,2,D,D,"### ANSWER
D"
632,Semantics,Conjunctions,1,H,H,"H는 배터리가 다 닳은 것과 충전 단자 고장 사이에 인과 관계가 성립하지 않는데, “그러므로”로 연결하여 원인과 결과를 잘못 표현했다.

### ANSWER
H"
633,Semantics,Ambiguity,2,I,I,"""깔끔한 안방과 부엌이 좋다""는 ‘깔끔한 안방’과 ‘부엌’이 좋다는 뜻으로도, ‘깔끔한 안방과 깔끔한 부엌’이 좋다는 뜻으로도 해석될 수 있다. 따라서 부엌이 항상 깔끔한 속성을 갖는다는 진술은 옳지 않다.

### ANSWER
I"
634,Semantics,Ambiguity,3,I,D,"### ANSWER
D"
635,Semantics,Word Relationships,1,I,I,"<보기 1>의 ‘보다’와 ‘전망하다’는 서로 의미가 통하는 유의어 관계입니다.  
<보기 2>의 ‘고장난 컴퓨터를 고치다’에서 ‘고치다’는 ‘수리하다’와 같은 뜻으로 쓰였습니다.  
‘수정하다’는 글이나 계획을 고칠 때, ‘치료하다’는 병이나 상처를 고칠 때 쓰이므로 이 문맥에는 맞지 않습니다.

### ANSWER
I"
636,Semantics,Word Relationships,1,A,A,"“질문하세요”는 궁금한 것을 선생님에게 물어보라는 뜻입니다. 문맥상 가장 가까운 표현은 “물어보세요”입니다.

### ANSWER
A"
637,Semantics,Ambiguity,2,D,D,"“저 배 좀 봐”는 ‘배’가 과일, 배(boat), 신체 부위 등으로 해석될 수 있어 중의적이다. 그런데 “저 아름다운 배 좀 봐”로 바꾸면 ‘아름다운’이 과일 배와 배(boat) 모두를 꾸밀 수 있으므로 여전히 중의적이다. 따라서 중의성이 사라진다는 설명은 옳지 않다.

### ANSWER
D"
638,Semantics,Ambiguity,2,A,A,"“말이 많다”는 ‘이야기/말이 많다(수다스럽다)’와 ‘동물 말(馬)이 많다’로 해석될 수 있어 중의적이다. 따라서 “중의적이지 않아”라고 한 A가 적절하지 않다.

### ANSWER
A"
639,Syntax,Agreement,2,A,A,"'별로'는 부정어와 함께 쓰여야 하는 부정 극어이므로, 긍정 서술어인 ‘따르고 싶다’와는 호응할 수 없다. 따라서 A의 설명이 올바르다.

### ANSWER
A"
360,Semantics,Conjunctions,1,F,A,"### ANSWER
A"
361,Syntax,Agreement,3,C,F,"### ANSWER
F"
362,Syntax,Argument Structure & Valency,3,F,B,"### ANSWER
B"
363,Syntax,Agreement,2,A,D,"### ANSWER
D"
364,Syntax,Agreement,1,G,G,"<보기>의 절은 “내가 친구와 가까워지고 싶었던 것은”으로, 뒤에 ‘~때문이다’, ‘~덕분이다’, ‘~서였다’처럼 이유나 원인을 나타내는 서술어가 와야 자연스럽다.  
G는 “인형이 자그마했던 것 같다”로, 이는 이유나 원인을 설명하는 표현이 아니라 단순히 인형의 상태를 추측하는 내용이다. 따라서 앞의 ‘것은’과 호응이 어색하다.

### ANSWER
G"
365,Syntax,Argument Structure & Valency,2,D,D,"### ANSWER
D"
366,Semantics,Inter-sentence Relations,1,F,F,"회의가 일찍 끝나 평소보다 퇴근이 빨라졌으므로, 빈칸에는 일찍 집에 가서 할 수 있었던 일이 들어가야 합니다. A~E, G~J는 모두 일찍 퇴근했기 때문에 가능해진 행동들입니다. 그러나 F는 “좋아하는 프로그램의 생방송을 놓쳤다”는 것으로, 오히려 일찍 귀가하면 생방송을 놓치지 않을 가능성이 높아지므로 맥락에 가장 부적절합니다.

### ANSWER
F"
367,Semantics,Inter-sentence Relations,1,E,E,"### ANSWER
E"
104,Pragmatics,Speech Acts,3,B,B,"'불 좀 빌립시다.'는 겉으로는 청유형이지만 실제로는 상대방에게 '불을 빌려 달라'는 요청을 간접적으로 수행하는 표현이다. 즉 같은 기능은 '요청하기'이다.

보기 중 B는 '내일부터 같이 운동할래요?'로, 함께 운동하자는 제안·권유에 가깝다. 상대에게 어떤 행동을 요청하는 것이 아니라 공동 행동을 제안하는 것이므로 '요청'의 기능과 같지 않다. 나머지 보기들은 상대방에게 어떤 행동을 하도록 간접적으로 요청하는 표현들이다.

### ANSWER
B"
105,Syntax,Argument Structure & Valency,1,F,F,"'반짝거리다'는 주어(바닷물이) 하나만 필수적으로 요구하는 한 자리 서술어이다. 나머지는 목적어나 다른 성분을 추가로 요구한다.

### ANSWER
F"
106,Syntax,Agreement,3,I,I,"'씻기다'는 '씻다'의 피동형으로, '때가 씻겼다'는 묵은 때가 씻겨 나갔다는 피동의 의미이다. 나머지는 모두 사동형(-이-, -히-, -리-, -우-, -추- 등)이 쓰인 사동문이다.

### ANSWER
I"
107,Syntax,Agreement,2,F,J,"### ANSWER
J"
108,Syntax,Agreement,2,A,A,"A는 “업히다”가 사동으로 쓰인 경우입니다. “환자를 업혔다”에서 환자가 행위를 당하는 대상이 아니라, 등에 업히도록 한 대상이므로 피동문이 아닙니다. 나머지 보기들은 피동 접미사(-이-, -히-, -리-, -기-)가 쓰인 피동문입니다.

### ANSWER
A"
109,Syntax,Agreement,3,I,I,"각 문장에서 피동 표현을 찾아보면, A는 ‘쫓기고’, B는 ‘풀렸다’, D는 ‘찢겼다’, E는 ‘파묻혔을까’, F는 ‘차였다’, G는 ‘찍혔다’, H는 ‘흔들린다’, J는 ‘팔리고’ 모두 피동사입니다. C의 ‘휘말렸다’도 ‘휘말다’의 피동형으로 볼 수 있습니다. 그러나 I의 ‘불렸다’는 ‘악장이 그에게 튜바를 불게 하였다’라는 뜻의 사동 표현이므로 피동 표현이 아닙니다.

### ANSWER
I"
110,Syntax,Agreement,1,G,G,"### ANSWER
G"
111,Syntax,Agreement,1,G,F,"### ANSWER
F"
16,Pragmatics,Discourse Principles,2,D,D,"### ANSWER
D"
17,Pragmatics,Social Relationship Marking,2,G,G,"G는 교사가 학생에게 “상담 주간이니까 부모님 모시고 와라”라고 말하고, 학생이 “엄마 바쁜데요”라고 응답하는 전형적인 교사-학생 대화입니다. 다른 보기들은 선생님을 부르는 표현이 나오거나 수업 언급이 있어도 사제 관계가 명확하지 않습니다.

### ANSWER
G"
18,Pragmatics,Speech Acts,2,C,C,C는 “어디 있
19,Pragmatics,Speech Acts,3,F,J,"'이제 그만 나가 주셔야겠습니다.'는 직접 명령을 피해 '~주셔야겠다'는 표현으로 나가기를 요청하는 간접 화행이다. A~I는 의문문, 조건문, 완곡한 표현 등을 통해 요청·명령·금지·제안 등의 간접적 지시 화행을 수행한다. 그러나 J는 '집어넣자'라는 청유형 종결 어미를 사용해 행위를 직접적으로 제안·지시하므로 간접적으로 수행한 예가 아니다.

### ANSWER
J"
20,Pragmatics,Speech Acts,2,A,A,"### ANSWER
A"
21,Syntax,Embedded Clauses,2,G,G,"### ANSWER
G"
22,Syntax,Embedded Clauses,1,C,C,"'숨이 차도록'은 안긴문장이 ‘달렸다’를 수식하는 부사어 역할을 한다. 나머지는 명사절, 관형절, 서술절 등이다.

### ANSWER
C"
23,Syntax,Embedded Clauses,2,H,H,"안긴문장이 전체 문장의 서술어 역할을 하는 것은 ‘서술절’이다.  
H의 “밀렵꾼이 말버릇이 참 고약하다.”는 전체 주어 ‘밀렵꾼이’를 ‘말버릇이 참 고약하다’라는 절이 서술하고 있으므로, 안긴문장이 서술어 역할을 한다.

### ANSWER
H"
544,Syntax,Argument Structure & Valency,2,C,C,"꺽쉬 안의 말이 서술어의 목적어인지 확인하면, 대부분은 ‘듣다, 발라 주다, 제공하다, 삐죽이다, 사수하다, 보다, 신고하다, 지참하다, 손세탁하다’ 등의 타동사가 요구하는 목적어입니다. 그러나 C의 ‘비수기까진’은 ‘아니다’의 보어로 쓰였습니다. ‘아니다’는 목적어를 취하지 않고 주격 보어를 취하는 서술어이므로, ‘비수기까진’은 목적어가 아닙니다.

### ANSWER
C"
545,Syntax,Agreement,2,F,F,"### ANSWER
F"
546,Syntax,Argument Structure & Valency,2,H,H,"H는 “너만 오면”에서 ‘너’가 ‘오다’의 주어이고, ‘만’은 보조사일 뿐 목적어가 아니다. 나머지는 모두 ‘을/를’ 또는 그에 준하는 조사가 붙어 동사의 목적어로 쓰였다.

### ANSWER
H"
547,Syntax,Agreement,1,E,E,"‘-겠’과 ‘-을 것’은 주로 추측을 나타내지만, 화자의 의지나 계획을 나타낼 때도 있습니다. 이때 주어는 대개 1인칭이며, 행동을 스스로 하겠다는 결심이 드러납니다.

E는 “거짓말투성이인 사람과는 이제 작별하겠습니다”로, 화자가 스스로 관계를 끊겠다는 계획·의지를 표현한 것입니다. 나머지 보기는 대부분 상황이나 사실에 대한 추측입니다.

### ANSWER
E"
548,Syntax,Argument Structure & Valency,2,G,G,"'사람도'는 '있다'의 주어로 쓰였으므로 목적어가 아니다. 나머지는 모두 동작의 대상인 목적어이다.

### ANSWER
G"
549,Syntax,Argument Structure & Valency,2,H,H,"H는 “습관은 참으로 무서운 거야”에서 ‘습관은’이 주어로 쓰였고, 나머지는 모두 동작의 대상인 목적어입니다. C의 ‘벽돌은’은 목적격 조사 대신 보조사 ‘은’이 쓰였지만 의미상 ‘색칠하다’의 목적어입니다.

### ANSWER
H"
550,Syntax,Argument Structure & Valency,3,A,A,"A의 문장에서 주어는 ‘영미의 오 점 슛이’이고, ‘물꼬가’는 ‘되다’의 보어에 해당한다. 나머지는 꺽쇠 안의 말이 주어로 쓰였다.

### ANSWER
A"
551,Syntax,Agreement,1,E,E,"선어말어미 ‘-겠-’은 추측, 가능성, 의지 등을 나타낸다. 그중에서 아직 일어나지 않은 일을 반드시 이루고자 하는 주체의 의도가 드러나는 것은 주어가 1인칭이고 ‘~고 말겠다’처럼 강한 의지를 나타내는 경우이다. E는 “범죄자는 모조리 검거하고 말겠다”에서 화자가 범죄자 검거라는 미래의 일을 완성시키려는 의도를 직접 드러내고 있다. 나머지는 대부분 추측이나 가능성, 상대방의 행동을 이끄는 표현이다.

### ANSWER
E"
368,Syntax,Argument Structure & Valency,3,J,B,"### ANSWER
B"
369,Semantics,Inter-sentence Relations,3,C,C,"지문에서 제시된 항목들의 관계를 보면, 대부분은 ‘일반적인 개념 – 구체적인 예나 방법’의 관계입니다. 예를 들어 ‘대비’와 ‘덮개’, ‘예방’과 ‘자동 전원 차단 기능이 있는 멀티탭으로 교체하는 것’, ‘위험 요소’와 ‘먼지가 많이 낀 멀티탭’ 등은 모두 일반적인 개념을 구체적인 사례나 수단으로 나타낸 것입니다.

그런데 C의 ‘안전사고’와 ‘먼지가 많이 낀 멀티탭’은 일반 개념과 구체적 사례의 관계가 아니라, ‘사고’와 그 사고를 유발할 수 있는 ‘위험 요소’의 관계입니다. 즉, 먼지가 많이 낀 멀티탭은 안전사고의 한 종류가 아니라 안전사고를 일으킬 수 있는 원인입니다. 따라서 다른 항목들과 관계가 다릅니다.

### ANSWER
C"
370,Semantics,Inter-sentence Relations,1,D,D,"파스타를 만들려고 했는데 재료가 없어서(2) 대형마트에 갔다(4). 그런데 늦은 시간이라 문이 닫혀 있었고(1), 결국 편의점에서 인스턴트 파스타를 샀다(3)는 흐름이 가장 자연스럽다.

### ANSWER
D"
371,Semantics,Inter-sentence Relations,1,H,H,"지문에서 반복적으로 등장하는 대상은 기본적으로 ‘수달’입니다.  
‘이 동물’, ‘이들’, ‘그들’, ‘구조 대상’, ‘새끼’, ‘어미’, ‘성체’, ‘개체’는 모두 수달 또는 수달 개체를 가리킵니다.  
반면 ‘구조자’는 수달을 구조하는 사람을 뜻하므로, 나머지 선지들과 가리키는 대상이 다릅니다.

### ANSWER
H"
372,Semantics,Inter-sentence Relations,1,F,F,"첫 번째 빈칭은 “기기 자체의 사양에 비해 … 지나치게 높다”는 지적이므로 ‘제품 출시 가격이’가 자연스럽다. 두 번째 빈칭은 초기 물량이 제한되어 사전 예약자가 아니면 ‘구매가’ 어렵다는 의미가 되어야 한다. 따라서 두 빈칭을 모두 충족하는 것은 F이다.

### ANSWER
F"
373,Semantics,Conjunctions,3,A,A,"대부분의 액체와 달리 물은 얼면 부피가 증가한다는 대조 관계이므로 첫 번째 빈칸에는 ‘반면’이 자연스럽습니다. 그리고 물이 얼 때 부피가 증가하기 때문에 수도관이 동파되거나 물병이 깨진다는 결과를 나타내므로 두 번째 빈칸에는 ‘그래서’가 적절합니다.

### ANSWER
A"
374,Semantics,Inter-sentence Relations,1,G,G,"어제 회의가 일찍 끝나 퇴근 시각이 앞당겨진 덕분에 생긴 여유 시간을 활용한 내용이 와야 합니다. A~F, H~J는 모두 일찍 퇴근한 덕분에 가능해진 일이나 이득입니다. 그러나 G는 “좋아하는 프로그램의 생방송을 놓쳤다”는 부정적 결과로, 오히려 일찍 귀가했으면 생방송을 볼 가능성이 높아지므로 맥락에 맞지 않습니다.

### ANSWER
G"
375,Syntax,Argument Structure & Valency,2,D,D,"""다운되다""는 주어 하나만 필수적으로 요구하는 한 자리 서술어(자동사)입니다. ""익명의 해커에 의해""는 부가어일 뿐 필수 논항이 아닙니다. 나머지 보기들은 목적어나 필수 부사어를 추가로 요구하는 두 자리 이상의 서술어입니다.

### ANSWER
D"
456,Syntax,Argument Structure & Valency,1,I,I,"<보기>의 서술어 ‘맵다’는 주어 ‘장아찌가’ 하나만 필수적으로 요구하는 한 자리 서술어이다. ‘생각보다’는 비교를 나타내는 부사어일 뿐 필수 성분이 아니다. 따라서 한 자리 서술어를 가진 문장을 골라야 한다. ‘이번 달 물품 재고가 과잉되었다’에서 ‘과잉되었다’는 주어 ‘재고가’만 요구하며, ‘이번 달’은 필수 성분이 아니다. 나머지 보기들은 목적어나 필수 부사어를 추가로 요구한다.

### ANSWER
I"
457,Syntax,Argument Structure & Valency,1,A,A,"### ANSWER
A"
458,Syntax,Embedded Clauses,2,I,I,"‘농도가 높은 식염수’에서 ‘농도가 높은’이 체언 ‘식염수’를 수식하는 관형절로, 안긴 문장의 역할이 관형어입니다.

### ANSWER
I"
459,Syntax,Embedded Clauses,3,E,G,"### ANSWER
G"
460,Syntax,Embedded Clauses,3,C,B,"### ANSWER
B"
461,Syntax,Embedded Clauses,3,C,J,"### ANSWER
J"
462,Syntax,Embedded Clauses,3,E,E,"### ANSWER
E"
463,Pragmatics,Discourse Principles,2,A,A,"A는 “밥도 좋고 면도 좋고 빵도 괜찮고…”라고 여러 음식을 늘어놓다가 “아무거나 먹자”로 마무리한다. 이는 선택지를 명확히 정하지 않고 장황하게 둘러대는 동시에, 정작 결정은 회피하는 태도를 드러낸다. 따라서 불명확하고 장황한 발화를 통해 화자의 태도를 보여 주는 가장 적절한 응답이다.

### ANSWER
A"
192,Syntax,Argument Structure & Valency,3,H,H,"### ANSWER
H"
193,Syntax,Argument Structure & Valency,2,D,D,"비능격동사는 주어가 행위의 주체(행위자)로, 능동적이고 의도적인 동작을 나타냅니다.  
D의 “농부가 … 뽐내고 있다”에서 주어 ‘농부’는 ‘뽐내다’라는 행위를 스스로 수행하는 행위자이므로 비능격동사와 짝지어진 주어입니다.  
나머지 문장들은 주어가 상태 변화를 겪거나 드러나고 보이는 대상, 즉 피동적·주제적 성격을 띠므로 비대격동사에 해당합니다.

### ANSWER
D"
194,Syntax,Argument Structure & Valency,3,C,J,"### ANSWER
J"
195,Syntax,Argument Structure & Valency,3,B,I,"### ANSWER
I"
196,Syntax,Argument Structure & Valency,3,G,E,"### ANSWER
E"
197,Syntax,Argument Structure & Valency,3,A,G,"### ANSWER
G"
198,Pragmatics,Implicature,3,E,D,"을은 자신에게 생긴 일을 말했고, 갑은 그 일이 축하할 만한 일이라며 “나한테도 한 잔 사야지”라고 받아쳤습니다. 생일은 대표적으로 술을 사거나 축하할 만한 개인적인 일이므로 가장 자연스럽습니다. 복권 당첨도 가능하지만 ‘천 원’이라는 금액이 너무 작아 ‘한 잔’을 사기에는 어색합니다. 다른 보기들은 슬프거나 남의 일, 또는 아직 일어나지 않은 일이라 어울리지 않습니다.

### ANSWER
D"
199,Syntax,Agreement,2,J,G,"<보기>의 절은 ‘내가 친구와 가까워지고 싶었던 것은’으로, 뒤에 ‘~때문이었다’, ‘~였다’, ‘~아니었다’처럼 ‘것은’을 서술하는 표현이 와야 자연스럽다. 그런데 G는 ‘, 그것만은 진심이었다’로 이어져 ‘것은’이 받을 서술어 없이 다른 주제어 ‘그것만은’이 다시 등장하므로 호응이 어색하고 문법적으로 자연스럽지 않다.

### ANSWER
G"
552,Syntax,Argument Structure & Valency,1,E,E,"E의 “수술”은 목적어 역할을 한다. “오늘 수술 잘 마쳤니?”는 주어가 생략된 문장으로, “수술을 잘 마쳤니?”에서 ‘수술’은 ‘마치다’의 목적어이다. 나머지는 모두 문장에서 주어로 쓰였다.

### ANSWER
E"
553,Syntax,Argument Structure & Valency,1,I,I,"""널""은 ""너를""로, 동사 ""택하겠어""의 목적어입니다. 주어가 아닙니다.

### ANSWER
I"
554,Syntax,Argument Structure & Valency,3,I,I,"'아니다'는 주어를 필요로 하지만, '화분에 손댄 건'이 주어이고 '내가'는 '아니다'의 보어로 쓰였습니다. 따라서 꺾쇠 안의 '내가'는 주어가 아닙니다.

### ANSWER
I"
555,Syntax,Argument Structure & Valency,2,G,G,"""귀신""은 문장에서 '본 적 있니?'의 목적어이고, 주어는 생략된 '너'입니다. 나머지는 모두 문장의 주어로 쓰였습니다.

### ANSWER
G"
556,Syntax,Agreement,1,J,J,"‘-겠’과 ‘-을 것’이 미래 추측이나 상황 판단이 아니라 화자의 의지·결심을 나타내는 경우를 찾아야 한다. A~I는 대부분 추측, 예측, 일반적 판단을 나타내며 화자의 의지가 아니다. J는 “내가 이제 세면대에서 얼굴을 씻겠다”로, 화자가 앞으로 자신이 할 행동을 스스로 결심하며 말한 것이므로 ‘의지’의 의미로 쓰였다.

### ANSWER
J"
557,Syntax,Agreement,2,G,G,"주동 표현은 주어가 동작을 직접 행하는 능동 표현이고, 피동 표현은 ‘-이-, -히-, -리-, -기-’ 등의 피동 접사가 붙은 형태를 말한다.  
각 문장의 서술어를 보면 G의 ‘엿보이지 않았다’는 ‘엿보다’의 피동형 ‘엿보이다’가 쓰인 피동 표현이다. 나머지 문장들은 능동이나 형용사적 서술어로 주동 표현에 해당한다.

### ANSWER
G"
558,Semantics,Semantic Compatibility,1,C,C,"'배를 달래고자 허기를 먹었다'는 '허기'를 먹는다는 비문법적이고 의미적으로 어색한 표현이다. 허기를 달래기 위해 음식을 먹어야지 허기 자체를 먹을 수는 없다.

### ANSWER
C"
559,Semantics,Semantic Compatibility,1,E,E,"E는 “하늘엔 주식이 밝게 빛나고 있었다”에서 ‘주식’이 하늘에서 빛나는 대상이 될 수 없는 잘못된 어휘 사용이다. 다른 문장들은 자연스럽거나 관용적으로 이해할 수 있다.

### ANSWER
E"
24,Syntax,Embedded Clauses,2,E,E,"서술절은 문장 전체의 서술어 역할을 하면서 그 내부에 또 다른 주어와 서술어를 가진 절입니다. ""일본은 자판기가 유명하다""에서 전체 주어는 '일본은'이고, 서술어 부분인 '자판기가 유명하다'가 하나의 절로, 그 안에 주어 '자판기가'와 서술어 '유명하다'가 있습니다. 따라서 이 문장이 서술절을 안은 문장입니다. 다른 보기들은 명사절, 관형사절, 부사절을 안은 문장입니다.

### ANSWER
E"
25,Syntax,Embedded Clauses,3,J,J,"서술절은 문장 전체의 서술어 구실을 하는 절로, 주어와 서술어를 갖춘 절이 안긴문장으로 쓰인 경우입니다.  
J문장은 ‘이 휘발유는’이라는 큰 주어에 대해 ‘구린내가 심하다’라는 절이 전체 서술어로 기능합니다. 이때 ‘구린내가’는 안긴절의 주어이고 ‘심하다’는 안긴절의 서술어이므로 서술절을 안은 문장입니다.  
다른 보기들은 관형절, 명사절, 부사절 등이 쓰였거나 서술절이 아닙니다.

### ANSWER
J"
26,Syntax,Embedded Clauses,2,G,G,"‘이 통조림은 뚜껑이 꽤 작다’에서 ‘뚜껑이 꽤 작다’는 전체 문장의 서술어 구실을 하는 안긴문장, 즉 서술절입니다.

### ANSWER
G"
27,Syntax,Embedded Clauses,3,G,G,"""팀장님이 토론에 참석했음""은 명사절이며, 이 명사절이 '전해 듣지 못했다'의 목적어 역할을 한다. 다른 보기들은 명사절이 주어로 쓰이거나, 관형절이 명사를 수식하는 경우이다.

### ANSWER
G"
28,Syntax,Embedded Clauses,2,E,E,"‘토마토를 다 먹었음은 털어놓지 않았다’에서 ‘토마토를 다 먹었음’은 명사절로, ‘털어놓지 않았다’의 목적어 역할을 한다. 다른 선택지는 부사절, 관형절, 서술절, 주어 등으로 목적어가 아니다.

### ANSWER
E"
29,Pragmatics,Speech Acts,3,C,F,"### ANSWER
F"
30,Pragmatics,Speech Acts,2,J,J,"화자는 질문형식을 빌려 자신의 생각을 강하게 주장하고 있습니다. “걔라고 좋아서 이런 짓을 하겠어요?”는 실제로는 ‘좋아해서 그런 짓을 하지 않는다’는 사실이나 주장을 표현한 반어적 진술입니다. 다른 보기들은 요청, 제안, 지시, 약속, 단순 질문 등으로 사실이나 주장의 진술이 아닙니다.

### ANSWER
J"
31,Pragmatics,Speech Acts,2,E,E,"발화 의도와 문장 형식이 어긋나면서 간접적으로 의도를 드러내는 예를 찾는 문제입니다.  
E는 만원열차에서 앞을 막은 사람에게 “좀 내립시다.”라고 말하는데, 이는 청유형이지만 실제 의도는 상대방에게 비켜서 내리게 해 달라는 요청이나 명령입니다. 따라서 문장 형식과 실제 발화 의도가 일치하지 않아 간접 화행에 해당합니다. 다른 보기들은 질문, 제안, 요청 등이 문장 형식과 의도가 대체로 일치합니다.

### ANSWER
E"
376,Pragmatics,Discourse Principles,1,H,H,"H는 “현명한 결정”이라는 모호한 표현을 쓰면서, 직접 반대하지 않고 상대가 스스로 미술 전공을 포기하도록 유도하는 우회적 반대에 가장 적절하다.

### ANSWER
H"
377,Semantics,Conjunctions,1,B,B,"설명을 들은 뒤 궁금증이 해결되었다는 긍정적인 내용과, 마지막 답변 부분에는 동의하기 어렵다는 부정적인 내용이 이어지므로 앞뒤를 대조·제한하는 연결어가 필요합니다. 따라서 ‘다만’이 가장 적절합니다.

### ANSWER
B"
378,Syntax,Argument Structure & Valency,3,I,G,"### ANSWER
G"
379,Semantics,Conjunctions,1,A,A,"바람이 불어 테이블이 쓰러졌고, 그 결과 테이블 위에 있던 노트북이 떨어져 부서졌다는 인과 관계가 자연스럽습니다. 따라서 원인과 결과를 연결하는 ‘그래서’가 가장 적절합니다.

### ANSWER
A"
380,Semantics,Conjunctions,1,A,A,"첫 문장에서 청소당번이 언니라고 했지만, 막상 집에 가 보니 언니는 없고 동생이 청소하고 있었다는 내용은 기대와 다른 상황을 보여줍니다. 따라서 앞뒤 문장을 자연스럽게 연결하려면 반대나 예상 밖의 상황을 나타내는 ‘그런데’가 가장 적절합니다.

### ANSWER
A"
381,Semantics,Numeral Classifiers,1,E,E,"금의 무게를 나타낼 때 전통적으로 사용하는 단위는 ‘돈’입니다. 돌반지 한 개의 금 함량을 묻는 질문에 자연스러운 응답은 “한 돈 들어갑니다.”입니다.

### ANSWER
E"
382,Semantics,Numeral Classifiers,2,B,B,"돌반지는 돌잔치 때 아이에게 선물하는 금반지로, 시중에서 가장 흔한 중량 단위가 “1돈”(약 3.75g)입니다. 따라서 금의 양을 묻는 질문에 가장 적절한 답은 1돈입니다.

### ANSWER
B"
383,Semantics,Numeral Classifiers,2,B,B,"### ANSWER
B"
640,Syntax,Agreement,2,A,A,"'별로'는 부정적인 서술어와 호응해야 하는 부사인데, 긍정 표현인 '따라야 한다'와 결합하여 어색합니다. 따라서 A의 설명이 올바릅니다.

### ANSWER
A"
641,Syntax,Agreement,3,D,B,"### ANSWER
B"
642,Semantics,Ambiguity,3,G,G,"“저 배 좀 봐”는 ‘배’가 배(과일), 배(배), 배(신체 부위)로 해석될 수 있어 중의적이다. 그런데 “저 아름다운 배 좀 봐”로 바꾸어도 ‘아름다운 배(과일)’와 ‘아름다운 배(교통수단)’ 모두 자연스럽게 해석되므로 중의성이 사라지지 않는다. 따라서 G가 적절하지 않다.

### ANSWER
G"
643,Phonetics/Phonology,Phonological Alternation,3,F,B,"### ANSWER
B"
644,Phonetics/Phonology,Phonological Alternation,2,J,J,"### ANSWER
J"
645,Phonetics/Phonology,Phonological Alternation,2,E,E,"### ANSWER
E"
646,Syntax,Ellipsis,3,D,B,"### ANSWER
B"
647,Syntax,Argument Structure & Valency,2,G,G,"<보기>는 서술어의 자릿수가 한 단어 안에서도 쓰임에 따라 달라질 수 있음을 설명한다. 따라서 해당되는 예는 같은 동사가 문맥에 따라 필수 문장 성분의 수가 달라지는 경우이다.

‘거절하다’는 ‘그가 제안을 거절했다’처럼 주어와 목적어가 필수적으로 요구되는 두 자리 서술어로만 쓰인다. 다른 자릿수로 쓰이는 경우가 없으므로 보기의 내용에 해당되지 않는다.

### ANSWER
G"
384,Pragmatics,Discourse Principles,1,D,D,"질문은 지각한 이유를 묻고 있는데, D는 “다른 애들도 지각했는데 왜 저한테만 그러세요?”라고 반문하며 본인의 지각 사유를 전혀 설명하지 않습니다. 이는 질문의 관련성을 의도적으로 벗어난 반응입니다.

### ANSWER
D"
385,Semantics,Conjunctions,1,B,B,"커피 원두에 따라 맛과 향이 다르다는 예시를 나열하는 문장입니다. 앞에서는 한 원두의 특징을, 뒤에서는 다른 원두의 특징을 대조하고 있으므로 ‘반면’이 가장 자연스럽습니다.

### ANSWER
B"
386,Semantics,Conjunctions,2,A,A,"중간보고서 작성 중 수정할 부분을 발견한 것이 원인이 되어, 급하게 조원들에게 연락하고 회의를 잡는 결과 행동으로 이어졌다는 인과 관계를 나타내야 합니다. 따라서 ‘그래서’가 가장 자연스럽습니다.

### ANSWER
A"
387,Semantics,Conjunctions,1,F,F,"쉬고 있었는데 일에 문제가 생겨 다시 바빠졌다는 내용이므로, 앞뒤 상황이 대조되거나 예상과 다름을 나타내는 연결어가 적절하다. 따라서 ‘그런데’가 가장 자연스럽다.

### ANSWER
F"
388,Semantics,Conjunctions,1,F,F,"국어와 영어 영역은 답이 같았지만, 수학 영역에서는 의견이 갈린 문제가 많다는 내용이므로 앞뒤가 대조됩니다. 따라서 빈칸에는 역접 관계를 나타내는 ‘그러나’가 가장 적절합니다.

### ANSWER
F"
389,Semantics,Numeral Classifiers,3,E,E,"질문은 텃밭에 무엇을 심을지 묻는 것이므로, 식물이나 모종을 세는 데 적절한 단위를 쓴 답변이 자연스럽습니다. 보기 중 ‘꽃모종 스무 본’은 모종을 셀 때 쓰는 단위 ‘본’을 올바르게 사용했고, 질문에 대한 응답으로도 가장 적절합니다. 다른 보기들은 단위가 어울리지 않거나 의미가 자연스럽지 않습니다.

### ANSWER
E"
390,Semantics,Conjunctions,1,F,F,"앞 문장에서 청소당번이 언니라고 했지만, 막상 집에 가 보니 언니는 없고 동생만 있었다. 기대와 다른 상황이므로 반의/대조를 나타내는 접속어가 적절하다. 따라서 빈칸에는 ‘그런데’가 가장 자연스럽다.

### ANSWER
F"
391,Semantics,Numeral Classifiers,1,C,C,"금의 무게를 잴 때 전통적으로 사용하는 단위는 ‘돈’입니다. 순금 돌반지도 보통 한 돈, 두 돈 등으로 표현합니다.

### ANSWER
C"
280,Phonetics/Phonology,Phonological Constraints,3,H,D,"### ANSWER
D"
281,Phonetics/Phonology,Phonological Constraints,2,D,D,"### ANSWER
D"
282,Phonetics/Phonology,Phonological Constraints,3,C,C,"### ANSWER
C"
283,Phonetics/Phonology,Suprasegmental Features,3,A,F,"### ANSWER
F"
284,Semantics,Semantic Compatibility,3,F,F,"[사또]는 문장에서 ‘신기해 했다’의 주체, 즉 놀라움을 느끼는 경험주이다. 따라서 “신기”의 경험주역이라는 설명만 옳다. 나머지 장소, 도착점, 결과상태, 도구, 영향주, 내용, 자격, 경로역은 [사또]에 해당하지 않는다.

### ANSWER
F"
285,Morphology,POS & Morphemes,3,J,J,"### ANSWER
J"
286,Semantics,Semantic Compatibility,3,E,I,"<보기>의 각 설명을 지문의 문장 구조와 의미역에 맞게 검토하면, 대부분이 단어를 잘못 연결하거나 의미역을 잘못 부여한 것이다.

- [상술]은 “없었다”의 동반주역이 아니라 원인 부사어 구성의 일부이다.
- [명절]은 [차례]의 동반주역이나 대상역이 아니라 시간 부사어이다.
- [해외]는 [국내]의 경로역이 아니며, [국내]는 “없었다”의 기준치역도 아니다.
- [연휴]는 [명절]의 경험주역이 아니다.
- [고물가]는 [상술]의 결과상태역이 아니라 함께 나열된 원인이다.
- [해외]는 “떠나”의 출발점역이 아니라 도착 방향이다.
- [내수]는 [국내]의 장소역이 아니다.

따라서 옳은 설명은 하나도 없다.

### ANSWER
I"
287,Semantics,Semantic Compatibility,3,J,G,"### ANSWER
G"
112,Pragmatics,Deixis & Reference,3,D,A,"그거[1]은 얼그레이 라떼를 가리키고, 그거[4]도 을이 마실 음료인 얼그레이 라떼를 가리킵니다. 그거[2]는 을이 추천한 에스프레소 메뉴 중 하나로, 다른 사람이 마시고 있는 작은 음료를 가리킵니다. 그거[3]은 그 음료가 두 잔씩 마실 만큼 괜찮다고 하며 같은 대상을 가리킵니다. 따라서 그거[2]와 그거[3]이 같은 것을 가리킵니다.

### ANSWER
A"
113,Pragmatics,Deixis & Reference,3,I,I,"### ANSWER
I"
114,Pragmatics,Deixis & Reference,3,I,B,"### ANSWER
B"
115,Phonetics/Phonology,Phonological Alternation,2,J,G,"### ANSWER
G"
116,Pragmatics,Deixis & Reference,3,D,C,"### ANSWER
C"
117,Phonetics/Phonology,Phonological Alternation,3,A,A,"### ANSWER
A"
118,Phonetics/Phonology,Phonological Constraints,3,G,G,"<보기>는 두음법칙, 즉 어두의 ‘ㄹ’이나 ‘ㄴ’이 모음 조건에 따라 ‘ㅇ’이나 ‘ㄴ’으로 바뀌는 현상입니다. A~F, H~J는 원래 어두가 ‘ㄹ’이나 ‘ㄴ’이었던 한자어들이 두음법칙에 따라 바뀐 경우입니다. 그러나 ‘연지’는 한자 ‘臙脂’의 소리로, 원래부터 어두가 ‘ㅇ’이므로 두음법칙이 적용된 것이 아닙니다.

### ANSWER
G"
119,Pragmatics,Social Relationship Marking,2,I,I,"나머지 보기들은 부모-자식, 형제자매 등 가족 사이의 대화로 볼 수 있습니다.  
I는 저녁을 같이 먹자고 권하는 사이인데, 상대방이 “우리 언니 생일”이라며 집에서 파티를 하기로 했다고 답하므로 두 사람은 가족이 아니라 친구나 지인 관계에 가깝습니다.

### ANSWER
I"
560,Semantics,Semantic Compatibility,1,D,D,"D는 “음악을 마시다”라는 비문으로, 의미상 어색한 표현입니다.

### ANSWER
D"
561,Semantics,Semantic Compatibility,1,A,A,"A는 “집(house)을 들고 뛰었다”로, 현실적으로 불가능한 행동을 그대로 서술해 가장 어색하다. 다른 보기들은 문학적 표현이나 자연스러운 문장으로 이해된다.

### ANSWER
A"
562,Semantics,Semantic Compatibility,2,E,E,"### ANSWER
E"
563,Semantics,Semantic Compatibility,1,I,I,"다른 문장들은 자연스러운 일상 표현이거나 의견·주장으로 이해할 수 있지만,  
“맥주가 주차를 했다”는 무생물인 ‘맥주’가 ‘주차’라는 인간의 행위를 한 것으로 표현되어 의미적으로 가장 어색하다.

### ANSWER
I"
564,Syntax,Agreement,3,A,A,"'털렸다'는 ‘털다’의 피동 표현으로, 주동 표현이 아닙니다. 나머지 보기는 모두 주동 표현입니다.

### ANSWER
A"
565,Syntax,Agreement,2,C,C,"<보기>의 “대표단을 모시고”는 ‘모시다’를 사용하여 목적어인 대표단을 높이는 객체 높임법이다. 같은 유형은 C의 “수행원께 … 말씀드려봐”로, ‘께’와 ‘말씀드리다’가 수행원을 높이는 객체 높임법에 해당한다. 다른 선택지는 주체 높임(-시-)이나 상대 높임(-요/-습니다) 또는 높임법이 없는 경우이다.

### ANSWER
C"
566,Syntax,Agreement,2,G,G,"""주동 표현""은 주어가 동작을 직접 하는 능동 표현을 뜻합니다.  
F는 ""할머니가 해주시던""에서 능동 표현이 포함되어 있고, G는 ""찍혔다""가 ""찍다""의 피동형으로, 문장 전체에 주동 표현이 없습니다.

### ANSWER
G"
567,Syntax,Agreement,3,F,F,"주동 표현은 주어가 스스로 행동하는 능동 표현을 뜻합니다.  
F의 ‘녹였다’는 ‘녹다’에 사동 접미사 ‘-이-’가 결합한 사동 표현이므로 주동 표현이 아닙니다. 나머지는 모두 주어가 직접 행동하는 주동 표현입니다.

### ANSWER
F"
464,Syntax,Embedded Clauses,2,J,J,"‘아까 녹인’에서 ‘녹인’은 동사 ‘녹이다’의 관형사형 어미 ‘-ㄴ’이 결합해 뒤의 명사 ‘밥’을 수식하는 관형어 구실을 하는 안긴문장입니다. 다른 보기들은 서술절, 명사절, 부사절 등으로 관형어가 아닙니다.

### ANSWER
J"
465,Pragmatics,Discourse Principles,2,G,G,"""나이가 어떻게 되나?""는 구체적인 나이나 나이를 알 수 있는 정보를 요구하는 질문이다.  
A~F, H~J는 성인, 돌, 학년, 상대적 나이, 진갑, 출생 연도, 동년배, 구체적 나이, 불혹 등으로 나이를 짐작하거나 계산할 수 있게 한다.  
하지만 G의 ""난 오늘 떡국 먹는다""는 떡국을 먹으면 나이를 먹는다는 관습을 암시할 뿐, 실제로 몇 살인지는 전혀 알려주지 않는다. 따라서 질문에 충분한 정보를 제공하지 못한다.

### ANSWER
G"
466,Syntax,Embedded Clauses,2,B,B,"'밤이 새도록'은 절(안긴문장)이 '응시했다'를 시간적으로 꾸며 주는 부사어 구실을 한다. 다른 선택지들은 관형어절이나 명사절(주어·목적어)로 쓰였다.

### ANSWER
B"
467,Pragmatics,Implicature,2,D,D,"을의 응답이 거절이 아닌 경우는 D입니다.  
D에서 갑이 “같이 대회에 나가 볼래?”라고 제안하자, 을은 “그럼 나 빼고 나가려고 했어?”라고 되묻습니다. 이는 제안을 거절하는 것이 아니라, 오히려 같이 나가겠다는 뜻을 드러내며 맞받아치는 표현입니다. 나머지 보기들은 제안이나 요청을 돌려서 거절하거나 조건을 달아 거절하는 경우입니다.

### ANSWER
D"
468,Syntax,Embedded Clauses,3,A,C,"### ANSWER
C"
469,Morphology,Verbal Conjugation,3,C,D,"### ANSWER
D"
470,Morphology,Verbal Conjugation,3,C,C,"'이르다'는 '러' 불규칙 활용으로, 어간 '이르-'는 그대로이고 어미 '-어'가 '-러'로 바뀐 경우입니다. 나머지는 어간의 끝소리가 바뀌거나 탈락하는 어간 불규칙입니다.

### ANSWER
C"
471,Syntax,Embedded Clauses,2,D,D,"'도망치다시피'는 ‘도망치다’가 안긴 문장으로, ‘뛰어나갔다’를 수식하는 부사어 구실을 한다. 다른 보기들은 명사절(주어·목적어)이나 관형절이다.

### ANSWER
D"
392,Semantics,Conjunctions,1,J,J,"앞 문장은 영화가 기대에 못 미쳤다는 부정적 평가이고, 뒤 문장은 영상미는 훌륭했다는 긍정적 평가이므로, 두 내용을 대조적으로 연결하는 역접 접속사가 필요하다. 따라서 ‘그렇지만’이 가장 적절하다.

### ANSWER
J"
393,Semantics,Conjunctions,1,H,H,"앞부분은 첫 번째와 두 번째 답변에 동의한다는 긍정적 내용이고, 빈칸 뒤는 마지막에 언급된 부분에는 동의하기 어렵다는 반대 내용이 이어집니다. 따라서 앞 내용을 인정하면서 단, 예외적으로 마지막 부분은 그렇지 않다는 뜻의 대조·단서 연결어가 필요합니다. ‘다만’이 가장 적절합니다.

### ANSWER
H"
394,Semantics,Conjunctions,1,A,A,"바람이 불어 테이블이 쓰러졌고, 그 결과 테이블 위에 있던 노트북이 떨어져 부서졌다는 인과 관계가 드러납니다. 따라서 앞 문장의 결과를 이어 주는 ‘그래서’가 가장 적절합니다.

### ANSWER
A"
395,Pragmatics,Implicature,1,E,E,"을은 갑이 양보한 자리를 사양하면서, 자신은 곧 내리지만 갑은 더 오래 타야 하니 갑이 앉으라고 말하는 것이 자연스럽다. 이에 갑이 고마움을 표현하며 자리에 앉겠다고 응답하는 흐름이 된다.

### ANSWER
E"
396,Syntax,Argument Structure & Valency,1,G,G,"'붉어졌다'는 주어인 '온 산이' 하나만 필수적으로 요구하는 1자리 서술어이다. 다른 서술어들은 목적어나 보어, 부사어 등을 추가로 요구하므로 답은 G이다.

### ANSWER
G"
397,Syntax,Agreement,3,J,J,"### ANSWER
J"
398,Semantics,Ambiguity,3,F,G,"### ANSWER
G"
399,Semantics,Ambiguity,3,G,G,"### ANSWER
G"
32,Pragmatics,Speech Acts,3,E,E,"### ANSWER
E"
33,Pragmatics,Speech Acts,1,G,G,"### ANSWER
G"
34,Pragmatics,Speech Acts,2,B,A,"### ANSWER
A"
35,Pragmatics,Speech Acts,3,E,E,"'할머니 이제 가신다는데 뭐 하니?'는 표면적으로는 의문문이지만, 실제로는 상대를 재촉하거나 다그치는 의도, 즉 명령에 가까운 표현이다. 따라서 화자의 의도는 '명령'이다.  
보기 중 '7시까지 운동장으로 집합한다.'도 평서문 형식이지만 실제로는 지시·명령의 의도를 담고 있으므로 같은 유형이다.

### ANSWER
E"
36,Syntax,Embedded Clauses,1,B,B,"""보조금을 신청하기""라는 절이 문장 전체의 주어로 기능하며, ""빠듯해졌다""의 주체가 된다. 다른 보기들은 관형절, 목적절, 서술절, 부사절 등으로 쓰였다.

### ANSWER
B"
37,Syntax,Embedded Clauses,2,B,B,"""갑자기 마감 기한이 연장되는 것""은 명사절(‘-는 것’)이 문장 전체의 주어 역할을 하며, 서술어 ""부당하다""와 연결됩니다. 다른 보기들은 명사절이 목적어로 쓰이거나 관형사절에 불과합니다.

### ANSWER
B"
38,Syntax,Embedded Clauses,1,I,I,"""주어 역할의 명사절""이란 문장 전체의 주어 자리에 명사절이 쓰인 경우이다.  
I의 문장에서 ""이 중학생이 테스트를 제시간에 마쳤는지""가 명사절이고, 뒤에 주격 조사 ""가""가 붙어 ""의심스럽다""의 주어 역할을 한다.  
J도 명사절을 안고 있지만 ""물어보셨다""의 목적어 역할이므로 주어 명사절이 아니다.  
나머지 보기는 명사절이 주어로 쓰이지 않았다.

### ANSWER
I"
39,Syntax,Embedded Clauses,3,E,E,"E는 주어와 서술어가 하나뿐인 홑문장이다. ‘학생들 앞에서’는 부사어일 뿐 절이 아니므로 안은문장이 아니다. 나머지는 관형절, 명사절, 인용절, 서술절, 부사절 등을 안은문장이다.

### ANSWER
E"
568,Syntax,Agreement,2,J,J,"<보기>의 높임법은 ‘교원님께’에서 ‘께’를 사용하여 감사의 대상(객체)을 높인 **객체 높임법**입니다.  
J의 ‘국가대표께’도 ‘께’를 써서 무례한 대상인 국가대표를 높인 객체 높임법입니다.

### ANSWER
J"
569,Syntax,Agreement,2,H,H,"<보기>는 ‘고객님께’와 ‘여쭤봐’를 통해 목적어/부사어 자리의 대상을 높이는 **객체 높임법**이다.  
H의 ‘교수님께’도 ‘께’를 사용하여 간접 목적어인 교수님을 높이는 객체 높임법이다.

### ANSWER
H"
570,Syntax,Agreement,2,G,G,"<보기>의 “모시다”는 ‘데리다’나 ‘대접하다’를 낮춤으로써 대상인 ‘어머니’를 높이는 객체 높임법입니다. 같은 객체 높임법이 쓰인 문장은 G로, ‘인사하다’를 ‘인사드리다’로 바꾸어 ‘간호사님’을 높이고 있습니다.

### ANSWER
G"
571,Syntax,Agreement,2,G,G,"사동 표현은 주동사에 ‘-이-, -히-, -리-, -기-, -우-, -구-, -추-’ 등이 붙어 남에게 어떤 동작을 하게 하거나 어떤 상태가 되게 하는 것을 나타냅니다. 각 보기에서 A~F, H~J는 모두 사동사나 사동적 표현이 쓰였습니다. 그러나 G의 ‘엉겨들다’는 ‘엉기다’와 ‘들다’가 결합한 자동사로, 남을 시키거나 상태를 만들게 하는 사동의 의미가 없습니다. 따라서 사동 표현이 포함되지 않은 것은 G입니다.

### ANSWER
G"
572,Syntax,Agreement,2,J,J,"대부분의 보기는 사동 접사(-이-, -히-, -리-, -기-, -우- 등)가 포함된 사동사가 쓰였습니다. 예를 들어 ‘세우다’, ‘누이다’, ‘높이다’, ‘썩이다’, ‘삭이다’, ‘돋우다’, ‘그을리다’, ‘굶기다’ 등은 모두 사동 표현입니다. 반면 J의 ‘기재되었다’는 ‘기재하다’의 피동형으로, 주어가 스스로 행위를 당하는 의미이지 남에게 시키거나 하게 만드는 사동이 아닙니다.

### ANSWER
J"
573,Syntax,Agreement,1,G,G,"G는 “지탱했다”가 일반 동사이고, “단단하게”는 사동을 만드는 표현이 아니라 단순한 부사어일 뿐이다. 나머지 보기들은 모두 사동사(물리다, 살찌우다, 묵히다, 잠재우다, 익히다, 썩히다, 빗기다, 애태우다)가 쓰였다.

### ANSWER
G"
574,Syntax,Agreement,2,F,F,"""사동 표현""은 주어가 다른 대상에게 어떤 행동을 하게 하거나 상태가 되게 하는 표현입니다. 보기 중 F의 ""발견되었다""는 피동 표현으로, ""발견하다""의 피동형이지 사동형이 아닙니다. 나머지 보기들은 모두 사동 접미사(-이-, -히-, -리-, -우- 등)가 쓰인 사동 표현입니다.

### ANSWER
F"
575,Syntax,Agreement,2,I,I,"""꿇리다""는 '꿇다'의 사동 표현으로, '왕이 신하에게 무릎을 꿇렸다'는 왕이 신하를 꿇게 했다는 뜻이다. 나머지 보기들은 모두 피동 접사(-이-, -히-, -리-, -기-)나 '보이다'류 피동 표현이 포함되어 있다.

### ANSWER
I"
472,Phonetics/Phonology,Suprasegmental Features,3,J,J,"### ANSWER
J"
473,Pragmatics,Discourse Principles,1,I,I,"'나이가 어떻게 되나?'는 구체적인 나이를 묻는 질문이다. 대부분의 보기는 나이나 생년월일, 상대와의 동갑 여부 등으로 나이를 짐작할 수 있게 한다. 그러나 '먹을 만큼 먹었지'는 나이를 직접적으로 알려 주지 않고 '충분히 살았다’는 뜻의 관용적 표현일 뿐이라, 질문자가 필요한 정보를 얻을 수 없다.

### ANSWER
I"
474,Syntax,Embedded Clauses,1,H,H,"H의 “너구리가 겨울잠을 자기에”는 절 전체가 ‘-기에’의 형태로 쓰여 ‘이르다’를 수식하는 부사어 구실을 한다. 나머지는 주어절, 목적어절, 관형절, 서술절 등으로 부사어가 아니다.

### ANSWER
H"
475,Syntax,Embedded Clauses,1,D,D,"'숨이 차도록'은 '숨이 차다'라는 절이 연결어미 '-도록'과 결합하여 전체 문장의 서술어 '달렸다'를 수식하는 부사어 구실을 한다. 따라서 안긴 문장의 역할이 부사어인 것은 D이다.

### ANSWER
D"
476,Pragmatics,Implicature,1,E,E,"밤 늦게 전화한 을에게 갑이 한 말로, 을이 “급히 할 말이 있어서 그래.”라고 답하는 흐름이 자연스러워야 한다. “너네 집 시계 고장났냐?”는 늦은 시간에 전화한 것을 핀잔하듯 묻는 표현으로, 그다음 을이 급한 사정을 설명하는 대화가 가장 적절하다.

### ANSWER
E"
477,Syntax,Embedded Clauses,2,G,G,"""일본은 자판기가 유명하다""에서 '자판기가 유명하다'는 전체 문장의 서술어 구실을 하는 안긴문장(서술절)이다. 다른 보기들은 명사절(주어/목적어), 관형사절, 부사절 등이다.

### ANSWER
G"
478,Syntax,Embedded Clauses,1,J,J,"‘서술절’은 안긴문장이 전체 문장의 서술어 구실을 하는 경우입니다.  
J의 “이 휘발유는 구린내가 심하다.”는 ‘이 휘발유는’이라는 큰 주어에 대해 ‘구린내가 심하다’가 하나의 절로 서술어 역할을 합니다.  
나머지 보기들은 명사절, 관형절, 부사절 등으로 서술절이 아닙니다.

### ANSWER
J"
479,Syntax,Embedded Clauses,2,A,A,"'안긴 문장의 역할이 서술어'인 것은 서술절을 안은 문장이다.  
A의 ""이 통조림은 뚜껑이 작다""는 ""뚜껑이 작다""가 전체 문장의 서술어 구실을 하는 서술절이다.  
나머지는 관형절, 명사절(주어/목적어), 부사어 등으로 쓰였다.

### ANSWER
A"
288,Semantics,Semantic Compatibility,2,E,E,"### ANSWER
E"
289,Semantics,Semantic Compatibility,3,B,A,"### ANSWER
A"
290,Syntax,Agreement,2,E,E,"E는 “악장이 그에게 튜바를 불렸다”에서 ‘불렸다’가 ‘불다’의 사동 표현(그에게 튜바를 불게 하다)으로 쓰였기 때문에 피동 표현이 아니다. 나머지는 모두 피동 접사나 피동사가 쓰였다.

### ANSWER
E"
291,Semantics,Semantic Compatibility,3,H,E,"### ANSWER
E"
292,Morphology,POS & Morphemes,3,C,C,"'그저께'는 시간을 나타내는 명사로, 문장에서 '그저께가 아니라'처럼 조사 '가'와 함께 쓰여 명사 기능을 한다. 부사로 쓰인 예는 G처럼 '그저께 내렸다'에서 동사를 꾸밀 때이다. 따라서 C의 품사 표기는 옳지 않다.

### ANSWER
C"
293,Syntax,Argument Structure & Valency,3,D,D,"'시리다'는 주어만 필요한 한 자리 서술어이고, '빠뜨리다'는 주어·목적어·장소 부사어를 요구하는 세 자리 서술어이며, '치솟다'는 주어만 필요한 한 자리 서술어입니다. 따라서 1+3+1=5입니다.

### ANSWER
D"
294,Semantics,Semantic Compatibility,3,A,H,"### ANSWER
H"
295,Semantics,Semantic Compatibility,2,H,A,"[사또]는 문장에서 “신기해 했다”의 주체로, 놀라움을 느끼는 경험자에 해당한다. 따라서 “신기”의 경험주역이 가장 적절하다.

### ANSWER
A"
200,Syntax,Argument Structure & Valency,2,D,G,"### ANSWER
G"
201,Syntax,Argument Structure & Valency,3,B,J,"### ANSWER
J"
202,Syntax,Argument Structure & Valency,3,H,H,"### ANSWER
H"
203,Syntax,Argument Structure & Valency,2,C,C,"### ANSWER
C"
204,Syntax,Argument Structure & Valency,2,C,C,"### ANSWER
C"
205,Phonetics/Phonology,Phonological Alternation,3,B,B,"### ANSWER
B"
206,Syntax,Argument Structure & Valency,3,J,F,"### ANSWER
F"
207,Pragmatics,Deixis & Reference,3,I,I,"<보기>에서 갑은 지연이 을의 집(‘거기’)에 있는지 물었지만, 을은 지연이 친구와 영화관에 갔고 아직 집에 들어오지 않았다고 말한다. 따라서 지연은 을의 집에 오지 않았고, 갑이 전화했지만 받지 못한 상황이다. ‘걔’와 ‘그쪽’은 같은 대상을 가리키며, ‘거기’와 ‘여기’는 모두 을의 집을 가리킨다. ‘집’은 지연의 집이므로 ‘거기’와 다르다. 그런데 I의 ‘너’는 통화 상대인 을을 가리키는데, 영화관에 간 동생은 을의 동생이 아니라 갑의 동생인 지연이다. 따라서 I만 거짓이고 나머지는 참이다.

### ANSWER
I"
576,Syntax,Agreement,1,J,J,"""마땅찮다""는 '마땅하지 않다'라는 뜻의 형용사로, 피동 표현이 아니다. 나머지 보기들은 모두 '-이-', '-히-', '-리-', '-기-' 등이 결합된 피동 표현이다.

### ANSWER
J"
577,Syntax,Agreement,1,B,B,"""잡아당긴다""는 주어가 직접 동작을 하는 능동 표현이고, 나머지는 모두 '-이-, -히-, -리-’ 등 피동 접사가 쓰인 피동 표현입니다.

### ANSWER
B"
578,Semantics,Semantic Compatibility,1,G,G,"G는 “사과 씨앗에 들렀다”에서 ‘들르다’는 반드시 장소가 와야 하는데, ‘사과 씨앗’은 장소가 될 수 없는 대상이므로 의미적으로 가장 어색하다. 다른 문장들은 자연스럽거나 문맥상 충분히 성립한다.

### ANSWER
G"
579,Semantics,Semantic Compatibility,1,A,A,"A는 주어가 ‘헬스장’(장소)인데 ‘눈속을 달리고 있었다’라는 동작을 결합해 의미가 성립하지 않아 가장 어색하다.

### ANSWER
A"
580,Semantics,Semantic Compatibility,2,H,H,"H는 무생물인 ‘선거용지’가 ‘창문을 두드렸다’라는 동작을 하는 것으로 표현되어 의미적으로 가장 어색합니다. 다른 선지들은 자연스러운 문장이거나 시적·비유적 표현으로 이해할 수 있습니다.

### ANSWER
H"
581,Semantics,Semantic Compatibility,1,J,J,"""헌법 제 1조가 아침을 먹었다""는 조항(법률 조문)이 아침을 먹는 행위를 하는 것은 의미적으로 성립하지 않는 매우 어색한 문장이다. 다른 선지들은 자연스러운 비유나 일상적 표현이지만, J는 비문에 가깝다.

### ANSWER
J"
582,Semantics,Semantic Compatibility,1,H,H,"H는 “푹신한 코코아에서 소파를 마신다”처럼 의미가 뒤섞여 실제로 성립하지 않는 표현이다. 다른 문장들은 비유나 문학적 표현으로 자연스럽게 읽히지만, H만 감각이 전도되어 가장 어색하다.

### ANSWER
H"
583,Semantics,Semantic Compatibility,1,G,G,"G는 주어와 서술어의 의미 관계가 성립하지 않는다. ‘고정 금리’는 금융 개념일 뿐 드론을 조종할 수 있는 행위 주체가 될 수 없다. 다른 문장들은 자연스러운 표현이다.

### ANSWER
G"
648,Semantics,Word Relationships,2,D,D,"### ANSWER
D"
649,Syntax,Embedded Clauses,2,H,C,"### ANSWER
C"
650,Pragmatics,Discourse Principles,3,H,H,"을의 발화 “너는 너고 나는 나야”는 동어반복으로서 정보적 내용이 거의 없지만, 상대의 간섭을 거부하고 자신의 입장을 지키려는 태도를 드러낸다. 이는 의도적으로 정보값이 낮은 발화를 통해 태도를 전달하는 전형적인 예이다.

### ANSWER
H"
651,Pragmatics,Discourse Principles,1,A,A,"'규칙은 규칙입니다'는 동어반복으로 새로운 정보를 주지 않아 양의 격률을 위반하며, 이를 통해 기한 연장이 어렵다는 뜻을 간접적으로 전달한다.

### ANSWER
A"
652,Pragmatics,Discourse Principles,1,C,C,"'작은 아버지 한 번 보고 갈 테냐?'라는 질문에 대해 ""눈이 많이 오네요, 아버지""라고 답하는 것은 질문과 무관한 화제로 전환하여 대화의 관련성(maxim of relevance)을 고의로 위반한 것이다. 다른 보기들은 해당 반응을 잘못된 대화 원리 위반으로 설명하고 있다.

### ANSWER
C"
653,Pragmatics,Speech Acts,3,I,F,"### ANSWER
F"
654,Morphology,Verbal Conjugation,3,H,F,"### ANSWER
F"
655,Morphology,Verbal Conjugation,3,H,B,"### ANSWER
B"
584,Semantics,Semantic Compatibility,1,B,B,"B는 무생물인 ‘고기’가 주어가 되어 ‘저녁 만찬을 요리했다’라고 표현해 의미적으로 가장 어색하다.

### ANSWER
B"
585,Semantics,Semantic Compatibility,2,A,A,"A는 “전구”라는 사물이 주어로 와서 “공장을 만들었다”라는 행위를 하는 것이 의미상 성립하지 않습니다. 다른 문장들은 모두 자연스러운 비유나 일반적인 표현으로 이해됩니다.

### ANSWER
A"
586,Semantics,Semantic Compatibility,1,C,C,"""사각거리다""는 무언가가 스치거나 갈리는 소리나 느낌을 나타내는 말로, 부동산 가격 같은 추상적 수치에는 어울리지 않습니다. 다른 문장들은 자연스러운 표현이거나 문맥상 허용되는 반면, C는 의미상 가장 어색합니다.

### ANSWER
C"
587,Semantics,Semantic Compatibility,1,H,H,"""바위를 마신다""는 의미적으로 성립하지 않는 매우 어색한 표현이다. 나머지는 자연스러운 문장들이다.

### ANSWER
H"
588,Semantics,Semantic Compatibility,1,E,E,"나른한 오후에 커피가 책을 읽었다는 문장은 주어가 ‘커피’인데 커피가 책을 읽는 행위를 하는 것은 의미적으로 성립하지 않아 가장 어색합니다.

### ANSWER
E"
589,Semantics,Semantic Compatibility,1,F,F,"""맥주가 주차를 했다""는 무생물인 맥주가 주차 행위를 하는 것으로 의미가 성립하지 않아 가장 어색합니다.

### ANSWER
F"
590,Semantics,Semantic Compatibility,1,G,G,"G는 사물인 ‘의자’가 ‘설계를 담당했다’라고 하여 의미적으로 어색하다. 사람이 아닌 사물이 어떤 일을 담당하는 표현은 자연스럽지 않으며, ‘의장’이나 ‘설계자’가 와야 할 문장으로 보인다. 다른 선지들은 문맥상 자연스럽거나 시적으로 허용될 수 있는 표현들이다.

### ANSWER
G"
591,Semantics,Semantic Compatibility,1,B,B,"B는 “집을 들고”가 어색합니다. ‘집’은 건물이라 들 수 없고, ‘짐을 들고’ 또는 ‘가방을 들고’여야 자연스럽습니다. 다른 문장들은 시적이거나 일상적으로 자연스럽습니다.

### ANSWER
B"
120,Phonetics/Phonology,Phonological Constraints,3,G,B,"### ANSWER
B"
121,Pragmatics,Deixis & Reference,3,F,D,"### ANSWER
D"
122,Pragmatics,Deixis & Reference,3,E,H,"### ANSWER
H"
123,Pragmatics,Deixis & Reference,3,H,H,"### ANSWER
H"
124,Pragmatics,Deixis & Reference,3,E,D,"### ANSWER
D"
125,Pragmatics,Deixis & Reference,3,E,B,"### ANSWER
B"
126,Pragmatics,Deixis & Reference,3,C,H,"### ANSWER
H"
127,Pragmatics,Deixis & Reference,3,J,B,"### ANSWER
B"
40,Syntax,Embedded Clauses,2,B,B,"""사서님, 이 서점의 베스트셀러는 무엇인가요?""는 독립어(사서님)와 단일한 서술 구조만으로 이루어진 홑문장입니다. 다른 보기들은 관형사절, 명사절, 인용절, 부사절, 서술절 등 안긴문장을 포함합니다.

### ANSWER
B"
41,Syntax,Embedded Clauses,3,H,H,"""안은 문장""은 절이 문장 성분으로 안겨 있는 문장이다.  
A는 관형사절, B는 명사절, C는 서술절, D는 명사절, E는 부사절, F는 인용절, G는 관형사절, I는 인용절, J는 관형사절이 안긴 문장이다.  
H는 ""잠기곤 한다""에서 ""곤 하다""가 보조 용언으로 쓰인 홑문장이므로 안은 문장이 아니다.

### ANSWER
H"
42,Syntax,Embedded Clauses,3,D,H,"### ANSWER
H"
43,Syntax,Embedded Clauses,3,G,G,"""안은문장""은 한 문장 안에 다른 절이 포함된 문장입니다. 보기 중 G는 ""사람 보는""이 관형사절로 ""안목""을 꾸미는 안은문장입니다. 나머지는 홑문장이거나 이어진문장입니다.

### ANSWER
G"
44,Syntax,Embedded Clauses,3,A,A,"### ANSWER
A"
45,Syntax,Embedded Clauses,2,H,H,"### ANSWER
H"
46,Syntax,Argument Structure & Valency,3,A,A,"'접목하다'는 '주어(계열사)가 부사어(생산 라인에)를 목적어(AI를)로 취하는 세 자리 서술어'입니다. 나머지는 대부분 두 자리나 한 자리 서술어입니다.

### ANSWER
A"
47,Syntax,Argument Structure & Valency,1,J,J,"'제안하다'는 주어(팀에서), 목적어(연봉을), 상대(프로게이머에게)의 세 자릿수를 요구하는 삼항 서술어입니다. 나머지는 대부분 한 자리나 두 자리 서술어입니다.

### ANSWER
J"
400,Semantics,Ambiguity,3,F,A,"### ANSWER
A"
401,Semantics,Ambiguity,2,D,D,"### ANSWER
D"
402,Semantics,Ambiguity,3,D,H,"### ANSWER
H"
403,Syntax,Agreement,2,I,A,"### ANSWER
A"
404,Semantics,Ambiguity,3,J,J,"""모든 숲의 푸른 새들이 날아오르지 않았다.""로 바꾸어도 중의성이 완전히 사라지지 않는다. 오히려 '모든'이 '숲'을 수식하는지 '새들'을 수식하는지에 따라 ""모든 숲의 푸른 새들""과 ""모든 숲의 푸른 새들""의 해석이 갈릴 수 있고, 원문의 '푸른' 수식 관계나 '다 날아오르지 않았다'의 해석 문제도 완전히 해소되지 않는다. 따라서 가장 부적절한 설명은 J이다.

### ANSWER
J"
405,Pragmatics,Implicature,1,G,G,"을이 영화 보러 가자는 갑의 제안을 거절하는 상황에서, 갑이 “어쩔 수 없죠. 저 혼자 보고 들어갈게요.”라고 말하는 것이 자연스럽습니다. 따라서 을은 개인적인 사정으로 함께 갈 수 없다는 뜻을 전하는 말을 했을 가능성이 가장 높습니다. “난 내일 새벽 일찍 나가야 해서 일찍 자려고.”는 영화 보러 가는 것을 정중히 거절하는 이유로 가장 적절합니다.

### ANSWER
G"
406,Syntax,Agreement,2,F,F,"'몰리다'는 피동 형태(-리-)지만, '관광객들이 몰린다'는 특정 주체가 관광객을 몰아넣는 능동문으로 바꿀 수 없는 자동적·비자발적 움직임을 나타낸다. 나머지는 모두 능동문으로 전환 가능하다.

### ANSWER
F"
407,Syntax,Agreement,2,J,J,"### ANSWER
J"
296,Phonetics/Phonology,Phonological Constraints,3,A,D,"'다쳐 [다처]'는 ‘다치+어’가 축약된 형태로, 음소 배열 제약(음절 끝소리 규칙, 자음 동화, 된소리되기, 격음화 등)과 관련된 음운 현상이 아니다. 나머지 보기들은 음절 끝소리 제약이나 자음 연쇄 제약 등이 적용된 예들이다.

### ANSWER
D"
297,Morphology,POS & Morphemes,2,E,E,"'들'은 명사나 대명사 뒤에 붙어 복수를 나타낼 때는 복수 접미사로 쓰이고, 그 외에 부사나 용언, 문장 성분 뒤에 붙어 주어의 복수를 나타낼 때는 보조사로 쓰입니다.

E의 '너희들'은 대명사 '너희'에 복수 접미사 '들'이 붙은 형태이므로 조사가 아닙니다. 나머지 보기들은 '많이들', '어서들', '다들'처럼 부사나 다른 성분 뒤에 붙은 보조사 '들'입니다.

### ANSWER
E"
298,Semantics,Semantic Compatibility,1,E,E,"[동식이]는 ‘나’와 함께 텐트를 치는 동반자이고, [강아지]는 아이들과 함께 뛰어노는 동반자이다. 둘 다 조사 ‘와’가 쓰여 ‘함께 하는 대상’이라는 의미적 역할이 같다. 다른 보기들은 시간, 대상, 주체 등 역할이 서로 다르다.

### ANSWER
E"
299,Morphology,Verbal Conjugation,2,J,J,"""삼가다""는 '삼가고, 삼가니, 삼가'처럼 활용하는 용언이지, '삼가하다'가 아니다. 따라서 ""삼가해 주십시오""는 잘못된 활용이며, ""삼가 주십시오"" 또는 ""삼가십시오""로 써야 자연스럽다. 나머지 문장들은 모두 용언 활용이 적절하다.

### ANSWER
J"
300,Phonetics/Phonology,Phonological Alternation,3,G,F,"### ANSWER
F"
301,Morphology,Verbal Conjugation,3,H,C,"### ANSWER
C"
302,Morphology,Word Formation,2,F,E,"### ANSWER
E"
303,Morphology,Word Formation,3,B,I,"### ANSWER
I"
480,Syntax,Embedded Clauses,2,B,B,"관형절이 수식하는 명사를 안긴 문장에 넣어 보면, B는 “꽃병에 액체가 담겼다”가 되어 ‘꽃병’이 부사어로 기능합니다.

### ANSWER
B"
481,Syntax,Embedded Clauses,3,E,F,"### ANSWER
F"
482,Pragmatics,Implicature,1,J,J,"### ANSWER
J"
483,Syntax,Embedded Clauses,2,C,C,"### ANSWER
C"
484,Syntax,Embedded Clauses,2,J,J,"J의 안긴 문장은 “우리가 또래를 만나다”로 복원되며, 이때 ‘또래’는 ‘만나다’의 목적어입니다. 다른 보기들은 대부분 안긴 문장에서 주어나 부사어로 기능합니다.

### ANSWER
J"
485,Syntax,Embedded Clauses,3,C,,안긴문장(관형절) 안에서 괄호 안의 명사
486,Syntax,Embedded Clauses,2,F,F,"‘비뇨기과에 불을 질렀음’이라는 안긴 문장이 ‘-을’로 이어져 본문장의 서술어 ‘묵인했다’의 목적어 역할을 한다. 다른 보기들은 주어, 부사어, 관형어, 서술절 등으로 쓰였다.

### ANSWER
F"
487,Syntax,Embedded Clauses,3,A,A,"A의 안긴 절은 “여중생이 의약품이 필요하다”로 복원되며, 이때 ‘여중생’이 주어 기능을 한다. 다른 보기들은 대부분 목적어나 부사어로 기능한다.

### ANSWER
A"
208,Syntax,Ellipsis,3,I,F,"### ANSWER
F"
209,Semantics,Conjunctions,2,F,F,"앞 문장과 뒤 문장은 서로 다른 원두에서 나는 커피의 맛과 향을 대조하고 있습니다. 따라서 단순히 예를 덧붙이는 ‘또한’보다는 대조를 나타내는 ‘반면’이 글의 흐름상 가장 자연스럽습니다.

### ANSWER
F"
210,Semantics,Conjunctions,3,I,I,"앞문장은 ‘모레까지 계획을 정해 발표해야 한다’는 기한/상황을 제시하고, 뒷문장은 그 때문에 지민이가 급하게 준비를 시작했다는 결과가 이어진다. 따라서 빈칸에는 인과 관계를 나타내는 ‘그래서’가 가장 자연스럽다. ‘반면’은 대조를 나타내므로 이 문맥에는 어울리지 않는다. 나머지 보기들은 ‘그러나’, ‘왜냐하면’, ‘이로 인해’ 등이 문맥상 인과나 대조를 잘못 적용한 설명이므로 적절하지 않다.

### ANSWER
I"
211,Semantics,Conjunctions,1,B,B,"주어진 문장은 바쁜 일을 끝내고 휴식을 취하는 상황이다. B처럼 “끝낸 일에 문제가 생겨 다시 바빠졌다”는 내용은 앞의 휴식 상황과 대비되는 예상 밖의 사건이므로 ‘그런데’로 연결하는 것이 자연스럽다. 다른 보기들은 연결사의 의미와 문맥이 맞지 않는다.

### ANSWER
B"
212,Semantics,Conjunctions,2,H,H,"앞 문장은 “대폭 수정할 부분을 발견한 일”이고, 뒤 문장은 그 직후 “조원들에게 연락하여 회의를 잡은 행동”이므로 시간적 연속성과 인과적 흐름이 자연스럽다. 이때 “곧바로”를 넣으면 발견 직후 후속 조치가 이어졌음을 시간 순서대로 전달할 수 있다. 다른 보기들은 연결 의미가 문맥에 맞지 않거나 관계를 잘못 설명하고 있다.

### ANSWER
H"
213,Semantics,Conjunctions,2,F,F,"### ANSWER
F"
214,Semantics,Conjunctions,2,G,G,"### ANSWER
G"
215,Syntax,Argument Structure & Valency,2,B,D,"### ANSWER
D"
128,Semantics,Word Relationships,3,I,,"벼는 겉껍질을 포함한 상태이고, 쌀은 그 속의 알맹이로, ‘겉과 속’ 또는 ‘외형과 내실’의 관계입니다. 지문에서 매출은 ‘매출 중심의 외연’으로 표현되어 겉으로 드러나는 성과에 해당하고, 이와 대비되는 내실은 ‘장기적 경쟁력’입니다. 따라서 매출과 가장 적합한 의미관계를 맺는"
129,Semantics,Word Relationships,2,G,G,"### ANSWER
G"
130,Semantics,Word Relationships,2,B,B,"""배고픔:식사""는 문제(배고픔)와 그 해결책(식사)의 관계입니다. 따라서 ""학교 폭력""에 대응하는 ""식사""는 학교 폭력 문제를 해결하기 위한 조치여야 합니다. 보기 중 대부분은 처벌이나 제재를 통한 대응책이지만, ""감형""은 형벌을 줄여주는 것으로 오히려 문제 해결과 반대 방향입니다. 따라서 가장 적합하지 않은 것은 ""감형""입니다.

### ANSWER
B"
131,Semantics,Word Relationships,2,D,D,"""식물:무궁화""에서 무궁화는 식물의 한 종류입니다. 지문에서 ""고양이""가 ""식물""에 해당하므로, ""무궁화""에 해당하는 것은 고양이의 한 품종이어야 합니다. 보기 중 ""노르웨이의 숲""은 노르웨이 숲 고양이(Norwegian Forest Cat)라는 고양이 품종을 가리킵니다. 따라서 가장 적합한 답은 D입니다.

### ANSWER
D"
132,Semantics,Word Relationships,1,H,H,"뜨거움과 차가움은 서로 반대되는 의미를 지닌 반의어 관계입니다. 지문의 ‘적자’는 경제적으로 손실이나 부족을 뜻하며, 그 반대는 ‘흑자’입니다. 따라서 같은 반의어 관계에 있는 것은 ‘흑자’입니다.

### ANSWER
H"
133,Semantics,Word Relationships,1,A,A,"항복을 권하는 적 사령관의 “심중”은 그의 마음속 생각, 즉 무엇을 노리고 그런 제안을 하는지에 대한 속내나 의도를 뜻합니다. 따라서 문맥상 “의향”이 가장 가깝습니다.

### ANSWER
A"
134,Semantics,Word Relationships,3,C,G,"지문에서 “안치하였다”는 용의자를 빠른 사건 처리를 위해 즉시 안전한 장소에 두거나 구금하는 의미로 쓰였다. 이는 단순히 찾거나 확인하는 것이 아니라, 신병을 확보하여 custody 상태에 두는 행위에 가깝다. 따라서 보기 중 가장 유사한 의미는 “체포하다”이다.

### ANSWER
G"
135,Semantics,Word Relationships,3,I,C,"'통감했다'는 '마음속 깊이 느끼다, 절감하다'라는 뜻입니다. 문맥에서도 총괄 매니저로서 프로젝트의 모든 과정을 깊이 체감했다는 의미로 쓰였으므로, 가장 유사한 단어는 '절감하다'입니다.

### ANSWER
C"
656,Morphology,Word Formation,3,A,A,"‘읽히다’는 동사 ‘읽다’에 피동 접사 ‘-히-’가 결합한 피동사로, 품사는 여전히 동사이다. 다만 능동문이 피동문으로 바뀌면서 문장 구조가 달라지므로 ㄷ에 해당한다. 따라서 ㄹ에 들어간다는 설명은 적절하지 않다.

### ANSWER
A"
657,Morphology,Verbal Conjugation,3,D,F,"### ANSWER
F"
658,Morphology,Verbal Conjugation,3,C,B,"### ANSWER
B"
659,Morphology,Word Formation,2,I,G,"### ANSWER
G"
660,Phonetics/Phonology,Suprasegmental Features,3,A,H,"<보기>에서 장음으로 발음되는 것은 뜻에 따라 구별됩니다.

- ‘밤’은 ‘밤(夜)’이 장음, ‘밤(栗)’은 단음이므로 ㄱ은 장음, ㄴ은 단음입니다.
- ‘눈’은 ‘눈(雪)’이 장음, ‘눈(眼)’은 단음이므로 ㄹ은 장음, ㄷ은 단음입니다.
- ‘말’은 ‘말(言)’이 장음, ‘말(馬)’은 단음이므로 ㅁ은 장음, ㅂ은 단음입니다.

따라서 장음으로 발음되는 것은 ㄱ, ㄹ, ㅁ입니다.

### ANSWER
H"
661,Phonetics/Phonology,Suprasegmental Features,3,D,D,"### ANSWER
D"
662,Phonetics/Phonology,Phonological Alternation,2,J,J,"### ANSWER
J"
663,Phonetics/Phonology,Phonological Alternation,3,H,J,"### ANSWER
J"
592,Semantics,Semantic Compatibility,1,G,G,"G는 “하늘엔 주식이 밝게 빛나고 있었다”로, ‘주식’은 주식(株式)이나 주식(主食)을 뜻하는데 하늘에서 빛나는 것과 어울리지 않아 매우 어색하다. 나머지는 모두 자연스러운 표현이다.

### ANSWER
G"
593,Syntax,Argument Structure & Valency,3,D,D,"### ANSWER
D"
594,Syntax,Agreement,3,H,D,"### ANSWER
D"
595,Syntax,Agreement,3,B,B,"### ANSWER
B"
596,Phonetics/Phonology,Phonological Alternation,3,G,J,"### ANSWER
J"
597,Syntax,Agreement,2,D,D,"### ANSWER
D"
598,Morphology,Word Formation,3,G,B,"### ANSWER
B"
599,Pragmatics,Discourse Principles,3,H,H,"### ANSWER
H"
408,Semantics,Ambiguity,3,H,H,"### ANSWER
H"
409,Semantics,Ambiguity,2,I,I,"### ANSWER
I"
410,Semantics,Ambiguity,3,H,H,"""언니랑 막내를 만났다""는 원문의 ""언니와 막내를 만났다""와 본질적으로 같은 구조로, 여전히 '언니와 막내를 둘 다 만났다'는 뜻과 '언니와 함께 막내를 만났다'는 뜻으로 해석될 수 있다. 따라서 세 명이 모두 만났다는 의미로 확정되지 않으므로 H가 가장 적절하지 않다.

### ANSWER
H"
411,Semantics,Ambiguity,3,F,F,"### ANSWER
F"
412,Semantics,Ambiguity,3,B,B,"### ANSWER
B"
413,Pragmatics,Social Relationship Marking,1,G,G,"G는 교실에서 쉬는 시간에 서로 반말로 시비하는 상황으로, 두 화자가 같은 또래의 학생임을 가장 자연스럽게 보여준다. C는 “혼내세요”라는 표현으로 한쪽이 선생님임을 알 수 있고, D도 마찬가지로 교사와 학생 관계이다. 나머지 보기들은 부모-자식, 교사-교사, 성인 직장인 등의 관계로 학생-학생에 해당하지 않는다.

### ANSWER
G"
414,Semantics,Rhetorical Expressions,1,F,F,"지문에서 그는 기차만 타다가 처음 배를 탔고, 멀미약 없이 자신만만하게 탔다가 심한 멀미로 고생했다.  
F는 “기차를 오래 타서 담금질이 충분히 됐나 보다”라고 하는데, 이는 기차 경험이 뱃멀미에 강하게 만들었다는 뜻으로 지문 내용과 정반대다. 따라서 가장 적절하지 않다.

### ANSWER
F"
415,Semantics,Rhetorical Expressions,1,A,A,"정민이는 사회생활을 시작한 지 얼마 안 된 초보자로, 업무에 익숙하지 않아 사수의 도움이 필요합니다. 이런 상황에서 가장 적절한 비유는 경험이 없고 서투른 신입을 뜻하는 ‘햇병아리’입니다.

### ANSWER
A"
136,Phonetics/Phonology,Phonological Alternation,3,B,D,"### ANSWER
D"
137,Phonetics/Phonology,Phonological Alternation,2,B,B,"### ANSWER
B"
138,Semantics,Word Relationships,1,H,H,"지문에서 “누락해서”는 보고서에 기재했어야 할 항목을 빠뜨렸다는 뜻입니다. 따라서 “빼먹어서”가 문맥상 가장 유사합니다.

### ANSWER
H"
139,Semantics,Word Relationships,2,J,J,"""부착하다""와 ""탈착하다""는 서로 반대되는 의미를 지닌 반의어 관계입니다. 지문의 ""호의적이고""는 우호적이고 친절한 태도를 뜻하므로, 이와 반대되는 의미를 가진 말은 ""적대적이고""입니다.

### ANSWER
J"
140,Semantics,Word Relationships,1,G,G,"""기리는""은 ‘공경하고 추모하는 마음으로 기념하다’는 뜻으로, 희생 정신을 기리기 위해 목탑을 세웠다는 문맥에서 가장 가까운 의미는 ""기념하는""입니다.

### ANSWER
G"
141,Semantics,Word Relationships,2,F,F,"'얼음'은 구체적인 사물이고, '차가움'은 그것이 지닌 속성이다. 따라서 '불'과 가장 적합한 관계는 '불'의 속성인 '뜨거움'이다.

### ANSWER
F"
142,Semantics,Word Relationships,2,G,G,"'개나리'는 '노란색'을 떠올리게 하는 대표적인 사물이다. 따라서 '빨간색'과 가장 자연스럽게 짝지을 수 있는 것은 빨간색을 대표하는 '홍시'이다.

### ANSWER
G"
143,Semantics,Word Relationships,2,I,I,"콜라와 사이다는 모두 ‘음료’라는 상위어 아래에 있는 동위 관계입니다. 따라서 지문의 ‘커피’와 의미상 가장 잘 어울리는 것은 역시 ‘음료’ 범주에 속하는 말입니다. 보기 중 홍차, 주스, 녹차, 밀크티, 꽃차, 미숫가루, 차이, 과일차, 라떼는 모두 음료이지만, ‘설탕’은 음료가 아니라 감미료이므로 커피와 같은 의미 범주에 들어가지 않습니다.

### ANSWER
I"
488,Syntax,Embedded Clauses,2,I,I,"‘안긴 문장’이 전체 문장에서 목적어로 쓰인 경우를 찾아야 한다.  
I의 “사태가 긴급함을”은 명사절 ‘사태가 긴급함’이 ‘을’과 결합해 ‘느꼈다’의 목적어 역할을 한다.  
나머지는 관형절, 부사절, 주어절 등으로 목적어가 아니다.

### ANSWER
I"
489,Syntax,Embedded Clauses,2,E,E,"관형절이 꾸미는 명사가 안긴 문장에서 주어인지 확인해야 한다. 각 문장을 안긴문장의 서술어와의 관계로 보면, E는 ‘고라니가 뛰어간다’에서 ‘고라니’가 주어 역할을 한다. 나머지는 대부분 목적어에 해당한다.

### ANSWER
E"
490,Semantics,Numeral Classifiers,1,B,B,"'필'은 주로 말을 세는 단위로, 고양이에게는 '마리'가 자연스럽습니다. 따라서 B가 가장 어색합니다.

### ANSWER
B"
491,Syntax,Embedded Clauses,3,H,E,"### ANSWER
E"
492,Semantics,Numeral Classifiers,1,J,C,"### ANSWER
C"
493,Semantics,Numeral Classifiers,2,C,C,"트럭은 ‘대’, 손질 전 생선은 ‘마리’, 5마리씩 포장된 냉동 생선은 ‘봉지’, 흙마늘은 ‘망’, 깐 마늘은 ‘톨’로 쓰는 것이 자연스럽다. 이 조합은 C에 해당한다.

### ANSWER
C"
494,Semantics,Numeral Classifiers,2,H,H,"테이블은 일반적으로 ‘개’로 세고, 페트병은 ‘병’, 일회용 컵은 ‘개’, 쓰레기봉투는 ‘장’, 포스터도 ‘장’으로 세는 것이 가장 자연스럽다. 따라서 (A) 개, (B) 병, (C) 개, (D) 장, (E) 장 조합이 알맞다.

### ANSWER
H"
495,Syntax,Embedded Clauses,1,F,F,"‘팀장이 토론에 참석했음을 전해 들었다’에서 안긴 문장은 ‘팀장이 토론에 참석했음’이고, 이는 ‘-을/를’에 해당하는 ‘-음’으로 연결되어 본문장의 서술어 ‘전해 들었다’의 목적어 역할을 한다. 다른 보기들은 안긴 문장이 주어, 관형어, 부사어, 서술어 등으로 쓰였거나 안긴 문장이 목적어가 아니다.

### ANSWER
F"
48,Syntax,Argument Structure & Valency,2,E,E,"""설치하다""는 서술어가 요구하는 필수 문장 성분으로 주어, 목적어, 처소 부사어(어디에) 세 자리를 요구합니다. 예문 E는 ""컴퓨터에 백신 프로그램을 설치했다""로 세 자리가 모두 쓰였습니다. 다른 보기들은 대부분 두 자리 이하이거나 부사어가 필수 성분이 아닙니다.

### ANSWER
E"
49,Syntax,Argument Structure & Valency,3,J,J,"### ANSWER
J"
50,Pragmatics,Discourse Principles,1,H,H,"을은 지연이 할머니가 돌아가셨다는 말에 대해 “잊을 만하면 돌아가시네”라고 말합니다. 이는 할머니가 여러 번 돌아가셨다는, 근거가 없거나 사실이 아닌 정보를 의도적으로 발화하여 상대방의 말을 믿지 않는 태도를 드러냅니다. 다른 보기들은 생략, 완곡, 동어반복 등으로 진실성을 크게 위반하지 않거나, 비유적 표현에 가깝습니다.

### ANSWER
H"
51,Pragmatics,Discourse Principles,3,E,A,"### ANSWER
A"
52,Syntax,Argument Structure & Valency,3,I,E,"### ANSWER
E"
53,Syntax,Argument Structure & Valency,3,E,B,"### ANSWER
B"
54,Syntax,Argument Structure & Valency,3,F,D,"### ANSWER
D"
55,Pragmatics,Speech Acts,2,J,J,"발화 의도는 문장 형식이 아니라 실제 목적을 기준으로 판단해야 합니다.  
A는 요청, B는 반문을 통한 진술, C는 약속, D는 청유, E는 진술, F는 훈계를 위한 반문, G는 감정 표현, H는 명령/요청, I는 명령에 해당합니다.  
J의 “난 엄마한테 죽었다”는 엄마에게 크게 혼난 상황을 과장하여 억울함이나 당황스러움을 드러내는 감정 표현입니다.

### ANSWER
J"
416,Semantics,Rhetorical Expressions,1,I,I,"지문은 금괴 소문이 돌았지만 아무도 찾으려 하지 않아 곧 잦아들었다는 내용이다. 즉 금괴를 노리고 우물을 파헤치려는 사람이 없었다는 뜻이다. 이를 가장 잘 설명한 것은 I이다.

### ANSWER
I"
417,Semantics,Word Relationships,1,F,F,"'새'는 상위 개념이고 '까치'는 그에 속하는 하위 개념입니다. 지문에서 '차'는 '청과물을 운반하는 차들' 즉 자동차/차량을 의미하므로, 이와 같은 관계는 '차(vehicle)'와 '트럭'입니다. 트럭은 차량의 한 종류이기 때문입니다.

### ANSWER
F"
418,Semantics,Ambiguity,2,C,C,"### ANSWER
C"
419,Semantics,Ambiguity,1,C,C,"""전원이 문제였다""는 '모든 인원이 문제가 되었다' 또는 '전력 공급이 문제가 되었다'로 해석될 수 있는 중의적 문장이다. 따라서 한 가지 뜻으로만 해석된다는 설명은 가장 어색하다.

### ANSWER
C"
420,Semantics,Ambiguity,2,B,B,"""금""은 '황금(금속)'과 '갈라진 금/자국'의 두 의미를 가질 수 있다. ""금을 그대로 두어라""는 문장은 맥락에 따라 '금속인 금'을 두라는 뜻으로도, '금 간 자국'을 그대로 두라는 뜻으로도 해석될 수 있다. 따라서 ""금""을 자국으로 해석할 수 있다는 B가 옳다.

### ANSWER
B"
421,Semantics,Ambiguity,1,C,C,"""방학 숙제는 두 도시의 거리를 조사하는 것이다.""에서 '거리'는 '두 도시 사이의 공간적 간격'과 '두 도시의 길/거리'로 모두 해석될 수 있으므로 중의적이다. 따라서 '중의적이지 않다'는 설명은 옳지 않다.

### ANSWER
C"
422,Syntax,Argument Structure & Valency,1,E,E,"""반짝거린다""는 주어(바닷물이) 하나만 필수적으로 요구하는 한 자리 서술어이다. 나머지는 목적어를 필요로 하는 두 자리 이상 서술어이다.

### ANSWER
E"
423,Syntax,Embedded Clauses,2,A,A,"### ANSWER
A"
216,Pragmatics,Deixis & Reference,3,D,D,"### ANSWER
D"
217,Syntax,Scrambling,2,B,B,"'그다지'는 부정어와 함께 쓰여 '별로, 그렇게까지'의 뜻을 나타내는 부사입니다. 제시된 문장은 긍정문이며 부정 표현이 없으므로, 어느 위치에 넣어도 자연스럽지 않습니다.

### ANSWER
B"
218,Pragmatics,Deixis & Reference,3,G,G,"'곧'은 5년 전 크랭크 업 소식을 듣고 “곧 볼 수 있을 줄 알았다”는 과거의 기대 시점을 가리킨다. 따라서 지금으로부터 5분 뒤인 ‘5분 뒤’보다 앞선 시점이다.

### ANSWER
G"
219,Pragmatics,Deixis & Reference,3,D,D,"### ANSWER
D"
220,Semantics,Inter-sentence Relations,3,D,D,"""그래서 ___ 나아졌다""에서 빈칸에는 감기에 걸린 후 회복에 도움이 된 행동이 들어가야 한다. ""밤을 샜더니""는 오히려 몸을 더 혹사시키는 행동이므로 회복의 원인이 될 수 없다. 따라서 이를 부적절하다고 설명한 D가 가장 적절하다.

### ANSWER
D"
221,Semantics,Inter-sentence Relations,3,F,E,"### ANSWER
E"
222,Semantics,Inter-sentence Relations,2,E,E,"지문은 운동을 전혀 하지 않던 사람이 처음으로 근력운동 개인 수업을 받으며 “부담이 심할까 봐 걱정했다”는 내용이다. 따라서 빈칸에는 걱정과 대비되는, 예상보다 괜찮았거나 부담이 덜했음을 보여 주는 표현이 들어가야 한다.

선지 중 E는 “다음 날에도 걸어다닐 수 있었다”라고 하여, 강도 높은 근력운동 후에는 근육통으로 거동이 힘들 것이라는 일반적인 예상을 뒤집는 내용이다. 이는 “평소 운동을 전혀 안 했다”는 조건과 “부담이 심할까 봐 걱정했다”는 맥락에 잘 맞으며, “예상과 달리”와 자연스럽게 연결된다.

다른 선지들은 문제가 있다. A는 ‘개인 수업’이 이미 일대일임을 전제하므로 중복되고 걱정과 직접 연결되지 않는다. B는 어색한 상황을 새로 추가할 뿐이다. C는 단순한 운동 내용이라 ‘예상과 달리’의 대비가 없다. D는 ‘짝이랑’이 개인 수업과 모순된다. F는 온찜질 등 새로운 정보를 끌어들여 부적절하다. G는 ‘평소 운동을 전혀 안 했다’는 내용과 모순된다. H는 걱정과 관련이 없다. I는 ‘역시’가 ‘예상과 달리’와 상충된다. J는 ‘근력운동’ 수업인데 ‘유산소 운동과 스트레칭 중심’이라고 하여 지문 내용과 맞지 않는다.

따라서 가장 적절한 것은 E이다.

### ANSWER
E"
223,Syntax,Embedded Clauses,3,I,C,"### ANSWER
C"
144,Syntax,Agreement,3,G,G,"### ANSWER
G"
145,Syntax,Agreement,1,C,C,"<보기>의 “김승지라는 분은 … 하셨다”는 주체 높임법으로, 높임의 대상인 ‘김승지’를 높이기 위해 ‘분’이라는 높임 명사와 ‘-시-’를 사용했다. 같은 유형은 주어를 높이는 표현이 쓰인 문장이다. C는 ‘임금’을 주어로 하여 ‘바라보시기만 했다’에서 ‘-시-’로 주체를 높이고 있다.

### ANSWER
C"
146,Syntax,Agreement,1,H,A,"### ANSWER
A"
147,Semantics,Word Relationships,1,A,A,"""감겼다""는 머리카락이 시계에 둘려 엉키거나 걸린 상태를 뜻합니다. 이와 가장 가까운 의미는 '옭다'의 피동형인 '옭혔다'입니다.

### ANSWER
A"
148,Semantics,Word Relationships,3,F,F,"""데면데면한""은 일이나 사람을 대할 때 정성을 들이지 않고 무심하거나 건성으로 대하는 태도를 뜻합니다. 문장에서 팀장 직위를 맡기에는 너무 모든 일에 데면데면한 성품이라고 했으므로, '소홀한'이 문맥상 가장 가깝습니다.

### ANSWER
F"
149,Semantics,Word Relationships,3,H,H,"""띠앗이 좋다""는 주로 형제자매 사이의 정답고 화목한 관계, 즉 우애가 좋다는 뜻으로 쓰이는 말입니다. 따라서 문맥상 의미가 가장 가까운 것은 ""우애가""입니다.

### ANSWER
H"
150,Semantics,Word Relationships,2,E,E,"""수양""은 몸과 마음을 닦고 품성이나 학문을 기르는 것을 뜻합니다. 지문에서 속세를 떠나 산중 암자에서 수행하는 맥락이므로, 같은 의미로 쓰인 단어는 ""수도""입니다.

### ANSWER
E"
151,Semantics,Word Relationships,2,C,C,"지문의 “수장”은 ‘거두어 간직하여 보관함’을 뜻하는 ‘수장(收藏)’으로 쓰였습니다. 전투 중 발견한 유물을 안전하게 보존한다는 문맥이므로, 가장 유사한 의미는 “보관”입니다.

### ANSWER
C"
56,Pragmatics,Speech Acts,2,I,G,"'내일도 늦으면 그때는 벌점을 주겠어.'는 청자에게 늦지 말라는 행동을 요구하는 경고이자 명령의 의도를 담고 있습니다. 따라서 같은 의도로 분류할 예는 청자에게 강하게 행동을 요구하는 명령문인 G입니다.

### ANSWER
G"
57,Syntax,Argument Structure & Valency,2,G,G,"""뒤집히다""는 주어만 요구하는 한 자리 서술어(자동사)입니다. 문장 G에서 '달걀프라이가'라는 주어 하나만으로 성립하며, 나머지 요소는 부가어입니다. 다른 선택지들은 목적어를 필요로 하는 두 자리 서술어입니다.

### ANSWER
G"
58,Pragmatics,Implicature,2,J,J,"갑은 손목시계를 보며 앉아 있다가 나타난 을에게 “지금 시간이 몇 시지?”라고 묻는다. 이는 단순히 시각을 묻는 것이 아니라, 을이 약속 시간보다 늦게 나타난 상황을 나무라는 간접 화행으로 볼 수 있다. 을이 “죄송합니다.”라고 답한 것도 이를 증명한다. 따라서 가장 옳은 설명은 J이다.

### ANSWER
J"
59,Pragmatics,Implicature,1,I,I,"을의 답이 질문에 대해 부정(아니요)의 의미가 아니라 긍정의 의미로 해석되는 경우를 찾아야 한다.

I에서 갑이 “저녁은 챙겨 드셨어요?”라고 묻자, 을은 “내가 언제 밥때 거르는 것 봤니?”라고 반문한다. 이는 “밥때를 거른 적이 없다”는 뜻으로, 곧 저녁을 챙겨 먹었다는 긍정의 답이다. 나머지 보기들은 모두 간접적으로 ‘아니요’의 뜻을 담고 있다.

### ANSWER
I"
60,Syntax,Argument Structure & Valency,1,B,B,"""다운되다""는 주어 하나만 필수적으로 요구하는 한 자리 서술어이다. 나머지는 목적어나 보어 등 다른 논항을 필요로 한다.

### ANSWER
B"
61,Pragmatics,Implicature,1,A,A,"을의 응답이 제안을 받아들이는 의미로 해석되는 것은 A입니다. “상금은 다 내 거다”라는 말은 팀 제안 자체는 수락하면서 조건을 내거는 표현으로 볼 수 있습니다. 나머지 보기들은 거절, 보류, 또는 사정상 어렵다는 간접 거절에 해당합니다.

### ANSWER
A"
62,Syntax,Argument Structure & Valency,3,I,A,"### ANSWER
A"
63,Pragmatics,Implicature,1,A,A,"을은 자신의 학창 시절에 3시간만 자며 공부했다고 말하며 자녀의 노력 부족을 지적하고 있습니다. 따라서 자녀가 공부를 충분히 하지 않았다고 생각하는 것입니다.

### ANSWER
A"
304,Morphology,Word Formation,3,C,E,"### ANSWER
E"
305,Morphology,Word Formation,3,H,B,"### ANSWER
B"
306,Phonetics/Phonology,Suprasegmental Features,1,C,C,"### ANSWER
C"
307,Morphology,Word Formation,3,B,D,"### ANSWER
D"
308,Morphology,Word Formation,1,E,D,"### ANSWER
D"
309,Morphology,Word Formation,3,E,J,"### ANSWER
J"
310,Morphology,Word Formation,1,F,F,"### ANSWER
F"
311,Syntax,Ellipsis,3,G,G,"### ANSWER
G"
496,Semantics,Numeral Classifiers,1,B,B,"소설책은 ‘권’으로 세고, 샌드위치는 ‘개’, 커피는 ‘잔’으로 세는 것이 자연스럽다.

### ANSWER
B"
497,Semantics,Numeral Classifiers,3,A,A,"### ANSWER
A"
498,Semantics,Numeral Classifiers,3,C,C,"### ANSWER
C"
499,Semantics,Numeral Classifiers,1,G,G,"시금치는 일반적으로 “단”으로 묶어 세는 채소입니다. 따라서 오늘 판매량을 묻는 질문에 “다섯 단 정도 팔렸습니다”라고 답하는 것이 가장 자연스럽습니다.

### ANSWER
G"
500,Semantics,Numeral Classifiers,1,H,H,"트레이닝복 상하의 세트는 옷이므로 세는 단위로 ‘벌’을 사용하는 것이 가장 자연스럽습니다. 따라서 “세 벌 주문해.”가 적절합니다.

### ANSWER
H"
501,Semantics,Rhetorical Expressions,3,J,F,"### ANSWER
F"
502,Pragmatics,Implicature,2,E,E,"을은 사료를 챙겨 주지 않았다는 갑의 지적에 “제가 언제 사료를 안 챙겨 줬어요?”라고 반문하며 부인합니다. 이어 갑이 빈 밥그릇을 근거로 들자, 을은 고양이 배가 볼록해진 것을 보라고 합니다. 이는 고양이가 이미 사료를 먹어서 배가 부르고, 그 결과 밥그릇이 비어 있다는 뜻으로 이해하는 것이 자연스럽습니다. 따라서 “쟤 배 볼록해진 건 안 보이세요?”는 고양이가 사료를 다 먹었음을 의미하는 E가 가장 적절합니다.

### ANSWER
E"
503,Semantics,Rhetorical Expressions,1,H,H,"평균대에서 ‘날아올랐다’는 가볍고 경쾌한 동작을 나타내는 표현입니다. 대부분의 보기는 가벼움, 탄력, 해방감, 감정의 승화 등을 자연스럽게 비유합니다. 그러나 ‘거대한 산처럼’은 무겁고 정적인 이미지라서 날아오르는 동작과 가장 어울리지 않습니다.

### ANSWER
H"
600,Pragmatics,Discourse Principles,1,J,J,"### ANSWER
J"
601,Syntax,Agreement,1,F,F,"'먹고 있다'는 '-고 있-'으로 현재 진행을 나타내고, '갔었다'는 '-았었-'으로 과거의 완료를 나타내며, '사용해 왔다'는 '-아/어 왔다'로 과거부터 현재까지 이어지는 현재 완료를 나타낸다.

### ANSWER
F"
602,Pragmatics,Discourse Principles,3,D,D,"### ANSWER
D"
603,Syntax,Agreement,2,J,J,"### ANSWER
J"
604,Semantics,Inter-sentence Relations,3,H,H,"ㄱ~ㅁ, ㅅ~ㅊ은 모두 처음에 언급된 동물(‘이것/그것’)을 가리키며 그 동물의 특징을 서술합니다. 그러나 ㅂ은 “우리 집에도 한 마리가 있는데, 그것도…”라고 하여 처음 대상과 다른 개체, 즉 우리 집에 있는 또 다른 한 마리를 가리킵니다. 따라서 의미적으로 동일한 대상을 가리키는 문장이 아닌 것은 ㅂ입니다.

### ANSWER
H"
605,Syntax,Agreement,2,B,A,"### ANSWER
A"
606,Syntax,Agreement,1,I,I,"각 문장에서 피동 표현을 찾아보면, A는 ‘실려간’, B는 ‘들려왔’, C는 ‘쫓겨났다’, D는 ‘바뀌는’, E는 ‘먹혀버리고’, F는 ‘닫혔다’, G는 ‘베였다’, H는 ‘얽혀있어’, J는 ‘밀려나고’가 모두 피동 표현입니다. I의 ‘보여봐라’는 ‘보이다’가 ‘증거를 보이다’처럼 사동·능동의 뜻으로 쓰인 경우이므로 피동 표현이 아닙니다.

### ANSWER
I"
607,Semantics,Semantic Compatibility,1,E,E,"""철수가 산 책 한 권이""는 문법적으로 주어 자리에 올 수 있고, 서술어 '달렸다'와 구조적 관계는 성립한다. 그러나 책이 스스로 달리는 것은 의미적으로 불가능하므로, 주어와 서술어 사이의 의미적 어울림이 어긋난 비문이다.

### ANSWER
E"
664,Phonetics/Phonology,Phonological Alternation,3,E,E,"보기의 현상은 ‘ㄷ/ㅌ’이 ‘이’ 모음 앞에서 ‘ㅈ/ㅊ’으로 발음되는 구개음화입니다.  
A, B, D, F, G, H, I는 모두 ‘ㄷ/ㅌ + 이’가 ‘ㅈ/ㅊ’으로 바뀌는 예이고, C와 J도 ‘ㄷ + 히’가 ‘ㅊ’으로 실현되는 같은 구개음화입니다.  
그러나 E ‘홑이불’은 합성어에서 ‘ㄴ’이 덧붙는 현상에 의해 [혼니불]로 발음되므로 구개음화가 일어나지 않습니다.

### ANSWER
E"
665,Phonetics/Phonology,Phonological Alternation,3,G,G,"### ANSWER
G"
666,Syntax,Ellipsis,3,I,A,"### ANSWER
A"
667,Syntax,Agreement,2,H,G,"### ANSWER
G"
668,Phonetics/Phonology,Phonological Alternation,3,J,A,"### ANSWER
A"
669,Phonetics/Phonology,Phonological Alternation,3,D,D,"### ANSWER
D"
670,Phonetics/Phonology,Phonological Alternation,2,B,B,"### ANSWER
B"
671,Phonetics/Phonology,Phonological Alternation,3,G,F,"### ANSWER
F"
424,Syntax,Embedded Clauses,3,G,G,"### ANSWER
G"
425,Semantics,Rhetorical Expressions,1,E,E,"선생님은 학생의 마음을 보살피고 꿈을 찾도록 돕는 따뜻하고 헌신적인 분으로 묘사됩니다.  
E의 ‘바늘방석에 앉은 느낌’은 불안하고 편하지 않은 상황을 뜻하므로, 따뜻한 진로상담을 기대하는 맥락과 어울리지 않습니다.

### ANSWER
E"
426,Semantics,Ambiguity,1,I,I,"""방학 숙제는 두 도시의 거리를 조사하는 것이다.""에서 '거리'는 '길'과 '공간적 간격'으로 해석될 수 있어 중의적이다. 따라서 이를 중의적이지 않다고 설명한 I이 적절하지 않다.

### ANSWER
I"
427,Semantics,Ambiguity,2,A,A,"""전원이 문제였다""는 '전원(電源, power supply)'과 '전원(全員, all members)'의 중의적 표현입니다. 따라서 한 가지 뜻으로만 해석된다는 A는 적절하지 않습니다. 나머지 보기는 각 표현의 중의성이나 가능한 해석을 올바르게 서술하고 있습니다.

### ANSWER
A"
428,Semantics,Ambiguity,2,B,B,"""금""은 금속(黃金)과 자국/금이라는 뜻을 모두 가질 수 있으므로, ""금을 그대로 두어라""는 금속을 두라는 뜻과 자국을 두라는 뜻으로 해석될 수 있다. 따라서 B가 적절하다. 나머지 보기들은 ""차다""의 중의성이나 ""금""의 의미를 잘못 설명하고 있다.

### ANSWER
B"
429,Semantics,Ambiguity,2,J,J,"### ANSWER
J"
430,Semantics,Rhetorical Expressions,1,B,B,"계획이 막연하고 현실성이 없다는 뜻이므로 ‘뜬구름 잡는’이 가장 적절하다.

### ANSWER
B"
431,Syntax,Agreement,3,H,H,"꺽쇠 안의 말이 안긴문장(관형사절)의 주어로 기능하려면, 그 말이 수식하는 절의 동작을 실제로 수행하는 행위주여야 합니다.  
H의 “방갈로를 치받은 통신병”은 ‘통신병이 방갈로를 치받다’의 관계로, 꺽쇠 안의 ‘통신병’이 안긴문장의 주어입니다.  
나머지 보기들은 대부분 안긴문장에서 목적어나 부사어/상황어로 기능합니다.

### ANSWER
H"
64,Syntax,Argument Structure & Valency,3,D,D,"'퍼붓다'는 '비가 퍼붓다'처럼 주어 하나만 필수적으로 요구하는 한 자리 서술어로 쓰였다. '전국에'는 장소 부사어로 필수 성분이 아니다. 나머지는 목적어나 필수 부사어를 추가로 요구하는 두 자리 이상 서술어이다.

### ANSWER
D"
65,Pragmatics,Implicature,2,J,J,"대부분의 대답은 “더 빨리 갈 수 없다”는 거절이나 사정 설명입니다. 그러나 J는 “그럼 손잡이나 꽉 잡으쇼”라고 하여 실제로 속도를 높이겠다는 승낙의 의미로 들립니다. 따라서 승낙/거절 여부가 혼자 다른 것은 J입니다.

### ANSWER
J"
66,Syntax,Argument Structure & Valency,3,G,G,"'발탁되다'는 '~로'의 부사어를 필수적으로 요구하는 서술어이다. 따라서 '수상자로'는 문장 성립에 필요한 필수적 부사어이다. 나머지 부사어들은 시간, 원인, 장소, 비교 등으로 문장에서 빠져도 성립이 가능한 수의적 부사어이다.

### ANSWER
G"
67,Syntax,Argument Structure & Valency,2,B,B,"'걸리다'는 ‘병에 걸리다’처럼 특정 대상이 반드시 필요한 서술어이므로, ‘심장병에’는 생략할 수 없는 필수적 부사어입니다. 나머지 부사어들은 빼도 문장이 자연스럽게 성립합니다.

### ANSWER
B"
68,Syntax,Argument Structure & Valency,3,D,D,"'다다르다'는 도달의 대상이나 지점을 필요로 하는 서술어이므로, '막바지에'는 문장 성립에 필수적인 부사어입니다. 나머지는 시간이나 장소를 덧붙이는 수의적 부사어입니다.

### ANSWER
D"
69,Syntax,Argument Structure & Valency,2,H,H,"'통하다'가 '~으로 여겨지다/알려지다'의 의미로 쓰일 때는 '모범생으로'와 같은 필수적 부사어가 반드시 필요하다. 이를 생략하면 '나는 학교에서 통한다'처럼 의미가 성립하지 않거나 달라진다. 나머지 보기들은 장소나 시간을 나타내는 부사어로, 생략해도 문장이 자연스럽다.

### ANSWER
H"
70,Syntax,Argument Structure & Valency,2,H,H,"H의 “너만”은 ‘오다’의 주어로, 목적어가 아닙니다. 나머지는 모두 타동사의 목적어(을/를 또는 보조사가 결합된 목적어)입니다.

### ANSWER
H"
71,Syntax,Argument Structure & Valency,2,D,D,"D의 문장에서 “사람도”는 ‘세상에 있다’의 주어로, 목적어가 아닙니다. 나머지는 모두 동작의 대상이 되는 목적어입니다.

### ANSWER
D"
152,Semantics,Word Relationships,1,B,B,"""승복""은 잘못을 인정하고 털어놓는 의미로 쓰였습니다. 동자승이 옷을 개울가에 두고 왔다고 인정한 상황이므로, 문맥상 가장 가까운 말은 '실토'입니다.

### ANSWER
B"
153,Semantics,Word Relationships,2,E,E,"""시종""은 이 문장에서 ""처음부터 끝까지 내내""라는 뜻의 부사로 쓰였다. 임금님이 별궁으로 행차하는 기간 동안 경계를 계속해서 강화했다는 의미이므로, ""줄곧""과 문맥적 의미가 가장 유사하다.

### ANSWER
E"
154,Syntax,Agreement,1,I,I,"<보기>는 “회장님께서”와 “출산하셨다”에서 주체 높임법(‘께서’, ‘-시-’)이 쓰였다. 같은 유형은 주체를 높이는 문장이다. I의 “남다르신”은 ‘-시-’가 쓰여 ‘청소년님’을 높이는 주체 높임법이다.

### ANSWER
I"
155,Syntax,Agreement,2,I,I,"### ANSWER
I"
156,Syntax,Agreement,1,A,A,"A는 ‘수집했다’라는 능동 표현이고, 나머지는 모두 ‘-이-/-히-/-리-/-기-’ 등이 결합된 피동 표현이 포함되어 있다.

### ANSWER
A"
157,Syntax,Agreement,1,E,E,"E는 주어가 직접 행위를 한 능동문이고, 나머지는 모두 피동 접사(-이-, -히-, -리-, -기-)가 쓰인 피동 표현입니다.

### ANSWER
E"
158,Syntax,Agreement,3,H,H,"'-고 있'은 동작의 진행과 상태의 지속을 나타낼 수 있습니다. 보기 중 대부분은 ‘뒷걸음치다, 이발하다, 어기적거리다, 나불대다, 악쓰다, 흡수하다, 히죽거리다, 쑤군거리다, 알짱거리다’처럼 눈에 보이는 동작이 계속되는 진행형입니다. 반면 ‘과소평가하고 있다’는 어떤 대상을 낮게 평가하는 마음이나 판단이 계속 유지되는 상태를 나타냅니다. 따라서 상태의 지속 의미로 쓰인 것은 H입니다.

### ANSWER
H"
159,Syntax,Agreement,1,J,J,"'-고 있다'는 동작의 진행과 상태의 지속을 나타낼 수 있습니다.  
A~I는 모두 눈에 보이는 동작이 진행 중인 의미로 쓰였습니다.  
J의 '가정하고 있다'는 '가정하다'라는 인지 동사가 쓰여, 어떤 것을 거짓이라고 생각하는 상태가 지속됨을 나타냅니다.

### ANSWER
J"
312,Semantics,Semantic Compatibility,1,B,B,"""척후병""은 특정 상황에서 사람이 맡은 역할·직분을 나타내는 명사입니다. 보기 중 ""반장""도 학급에서 맡은 역할을 나타내므로 의미상 가장 유사합니다.

### ANSWER
B"
313,Phonetics/Phonology,Suprasegmental Features,3,H,J,"(ㄱ)은 평서문, (ㄴ)은 의문문, (ㄷ)은 명령문, (ㄹ)은 청유문, (ㅁ)은 감탄문, (ㅂ)은 평서문이다.  
(ㄱ)과 (ㄴ)은 모두 ‘-는다’를 쓰고, (ㄴ)은 억양으로 의문을 나타낸다.  
그러나 (ㄷ)은 ‘-세요’를, (ㄹ)은 ‘-해요’를 쓰므로 종결 어미가 같지 않다. 따라서 J가 옳지 않다.

### ANSWER
J"
314,Semantics,Semantic Compatibility,3,E,J,"광어는 도다리와 비슷하다는 뜻으로, 괄호 안 ‘도다리’는 ‘같다’가 이끄는 비교의 대상, 즉 비유의 기준이 되는 말입니다. 선지 중 ‘[천사] 같은 우리 선생님’도 ‘천사’가 ‘같은’의 비교 대상이 되어 선생님을 비유하고 있으므로 의미적 역할이 가장 비슷합니다.

### ANSWER
J"
315,Semantics,Semantic Compatibility,3,J,F,"돌부리는 뛰어가던 사람이 ‘걸려 넘어지게 만든 장애물’의 의미를 가집니다. 보기 중에서도 누군가가 ‘다리’에 걸려 넘어지는 상황을 나타낸 F가 가장 유사합니다.

### ANSWER
F"
316,Semantics,Semantic Compatibility,3,E,E,"지문의 ‘재’는 ‘숯더미가 (변화하여) 되어진 결과물’을 나타내는 보어 역할을 합니다.  
E의 ‘7번 아이언’도 ‘바꾸어 든 결과/새로운 상태’를 나타내므로 의미 역할이 가장 비슷합니다.

### ANSWER
E"
317,Semantics,Semantic Compatibility,2,A,A,"[손]은 “손으로 만지작거린다”에서 동작의 도구/수단을 나타내고, [목소리]는 “목소리로 회의를 시작하였다”에서 역시 수단/도구를 나타낸다. 둘 다 조사 ‘-로/으로’와 결합하여 동작이 이루어지는 방식을 보여 주는 점에서 의미적 역할이 가장 유사하다. 다른 보기들은 시간, 행위자, 대상, 원인 등으로 서로 역할이 다르다.

### ANSWER
A"
318,Semantics,Semantic Compatibility,3,E,J,"### ANSWER
J"
319,Semantics,Semantic Compatibility,3,E,C,"### ANSWER
C"
504,Semantics,Rhetorical Expressions,1,F,F,"빈칸은 임무 성공이 그의 덕분임을 뒷받침하는 헌신·노력의 표현이어야 한다.  
F의 “언제든 발을 빼려고 했던 것”은 오히려 회피적 태도라 문맥과 모순되므로 적절하지 않다.

### ANSWER
F"
505,Semantics,Rhetorical Expressions,1,D,D,"주인공은 부하 직원의 실수로 생긴 손실을 숨기기 위해 비밀 계좌로 무리한 투자를 계속하다가, 결국 회복할 수 없는 손실을 내고 체포되었다. 중간에 큰 이득을 본 적은 있지만 최종 결과는 실패와 체포이므로, 이를 ‘전화위복’이라고 보는 D는 상황 설명으로 적절하지 않다.

### ANSWER
D"
506,Semantics,Rhetorical Expressions,3,G,G,"### ANSWER
G"
507,Semantics,Rhetorical Expressions,1,C,C,"### ANSWER
C"
508,Syntax,Embedded Clauses,1,C,C,"‘내가 토마토를 다 먹었음을’은 명사절로, ‘-음’과 목적격 조사 ‘을’이 결합해 서술어 ‘털어놓았다’의 목적어 역할을 한다. 따라서 정답은 C이다.

### ANSWER
C"
509,Semantics,Rhetorical Expressions,3,B,F,"이 상황은 고금리·고물가 속에서 소비자들이 명품 소비를 줄이고 실용적 소비로 돌아섰는데, 명품 브랜드들은 오히려 가격을 올리는 전략을 유지한다는 내용입니다.

F는 “다이아몬드의 가치처럼 이런 상황일수록 명품은 더 빛이 날 거야”라고 했는데, 이는 소비자들이 명품을 외면하고 실용적 구매를 선호한다는 지문의 흐름과 정면으로 배치됩니다. 따라서 상황 설명으로 적절하지 않습니다.

나머지 보기들은 소비자들의 이탈, 브랜드 전략의 모순, 가격 인상의 지속 가능성 등에 대한 타당한 해석이나 비유로 볼 수 있습니다.

### ANSWER
F"
510,Syntax,Embedded Clauses,1,C,C,"'안긴 문장'이 문장 전체에서 주어 역할을 하는 경우를 찾아야 한다.  
C의 “아네모네가 쌍떡잎식물인지가”는 명사절로, 서술어 ‘불분명하다’의 주어로 기능한다.  
다른 보기들은 안긴 문장이 목적어(A, B), 관형어(D, E, F), 부사어(I) 등으로 쓰였거나 안긴 문장이 없다.

### ANSWER
C"
511,Syntax,Embedded Clauses,2,F,F,"""보조금을 신청하기""는 명사절로, 조사 '가'가 붙어 '빠듯해졌다'의 주어 역할을 한다. 다른 보기들은 관형절, 부사절, 목적어 명사절 등이다.

### ANSWER
F"
224,Semantics,Inter-sentence Relations,3,E,,지문
225,Semantics,Inter-sentence Relations,2,A,A,"### ANSWER
A"
226,Semantics,Inter-sentence Relations,2,J,J,"지문에서 “먼지가 잔뜩 낀 멀티탭”을 방치하면 플러그를 꽂을 때 스파크가 튀어 “화재”가 발생할 수 있다고 하였고, 이는 가정 내 “안전사고”의 한 예로 제시됩니다. 따라서 “먼지가 많이 낀 멀티탭”은 “안전사고”의 발생 원인으로 볼 수 있습니다. 다른 선지들은 예방·대비·해결 방법이거나 결과·예시 관계이므로 원인 관계가 아닙니다.

### ANSWER
J"
227,Syntax,Embedded Clauses,3,F,F,"### ANSWER
F"
228,Semantics,Inter-sentence Relations,3,A,F,"### ANSWER
F"
229,Pragmatics,Speech Acts,2,J,J,"대부분의 발화는 화자가 미래에 어떤 행동을 하겠다는 ‘약속’의 의도를 나타냅니다. A, B, D, E, F, G, I는 명시적으로 화자의 약속이나 결의를 표현하고, C와 H도 조건부로 어떤 행동을 하겠다는 위협적 약속에 해당합니다. 반면 J는 화자가 자신의 행동을 약속하는 것이 아니라, 상대가 계속 뛰어다니면 아랫집 아저씨가 꾸중할 것이라는 사실이나 예측을 진술하는 것입니다. 따라서 J만 다른 의도를 지닙니다.

### ANSWER
J"
230,Pragmatics,Speech Acts,3,G,B,"### ANSWER
B"
231,Pragmatics,Implicature,2,A,A,"미영은 인혁의 주말 초대 제안에 “아직 집 단장도 덜 됐잖아.”라고 답하며, 집이 아직 정리·보수가 끝나지 않아 지금은 친구를 초대하기 곤란하다는 뜻을 전한다. 즉 주말에 친구를 초대하고 싶지 않다는 거절로 읽는 것이 가장 자연스럽다. 다른 보기는 주어를 친구네 집으로 바꾸거나 초대를 허락하는 등 본문의 의미와 맞지 않는다.

### ANSWER
A"
608,Semantics,Numeral Classifiers,2,D,D,"각 보기에서 두 번째 단어를 세는 분류사가 첫 문장에 들어 있는지 확인하면, D의 경우 ‘독수리’는 ‘마리’로 세지만 첫 문장에는 ‘마리’가 없습니다. 나머지 보기들은 해당 분류사 음절이 문장에 포함되어 있습니다.

### ANSWER
D"
609,Semantics,Numeral Classifiers,3,G,G,"### ANSWER
G"
610,Pragmatics,Speech Acts,3,A,I,"'철수는 학교에 갔어.'는 사실이나 정보를 전달하는 **진술**이다.  
보기 중 같은 유형은 상황이나 방법을 알려 주는 **진술**인 I이다.  
나머지는 질문(A, C, H), 요청·청유(B, E, F, G), 명령(D), 약속(J)에 해당한다.

### ANSWER
I"
611,Pragmatics,Implicature,1,C,C,"서술자는 친구가 기분 나빠할 것 같아서 그 캐릭터가 친구를 닮았다는 말을 하지 못했고, 그 이야기를 마음속에만 묻어 두었다고 했습니다. 따라서 앞으로도 그 이야기를 하지 않겠다는 생각이 가장 적절합니다.

### ANSWER
C"
612,Semantics,Inter-sentence Relations,3,H,G,"딸기 쿠키는 쿠키의 한 종류입니다. 따라서 “어제 먹었던 딸기 쿠키가 맛이 없다”가 참이면, “어제 먹었던 쿠키가 맛이 없다”는 자연스럽게 참이 됩니다. 앞 문장이 뒤 문장을 의미적으로 포함합니다.

### ANSWER
G"
613,Semantics,Rhetorical Expressions,3,J,J,"### ANSWER
J"
614,Semantics,Conjunctions,2,J,J,"### ANSWER
J"
615,Semantics,Word Relationships,3,E,D,"### ANSWER
D"
160,Syntax,Agreement,3,G,G,"'-고 있'은 동작의 진행이 아니라, 어떤 심리적 태도나 상태가 계속 유지됨을 나타낼 때 ‘상태의 지속’ 의미로 쓰입니다.  
‘그는 분명 나를 업신여기고 있다’에서 ‘업신여기고 있다’는 나를 얕보는 태도가 지속되고 있는 상태를 뜻합니다. 나머지 보기들은 모두 실제 동작이나 과정이 진행 중인 의미입니다.

### ANSWER
G"
161,Syntax,Agreement,1,G,G,"'-고 있'은 동작의 진행이 아니라 어떤 상태가 계속됨을 나타낼 때 쓰입니다.  
A~F, H~J는 모두 현재 진행 중인 동작을 나타냅니다.  
G의 '조마조마하고 있다'는 불안한 마음 상태가 지속되고 있음을 나타내므로 '상태의 지속'에 해당합니다.

### ANSWER
G"
162,Syntax,Agreement,1,E,E,"'-고 있'은 동작의 진행이 아니라 상태의 지속을 나타낼 때가 있습니다. 보기 중 '즐거워하고 있다'는 감정이나 심리 상태가 계속 유지되고 있음을 나타내므로 '상태의 지속'에 해당합니다. 나머지는 모두 현재 진행 중인 동작을 나타냅니다.

### ANSWER
E"
163,Syntax,Agreement,2,F,F,"'새근거리다'는 ‘숨을 쉬는 동작’을 나타내는 동작동사이므로, ‘-고 있’이 현재 동작의 진행을 뜻합니다. 다른 보기들은 대부분 심리 상태나 인식, 결과 상태를 나타냅니다.

### ANSWER
F"
164,Syntax,Agreement,1,C,B,"### ANSWER
B"
165,Syntax,Agreement,1,C,C,"'햄스터가 내 발을 간지럽히고 있다'는 현재 실제로 동작이 진행 중인 상황을 나타낸다. 다른 보기들은 대부분 감정·상태·수동적 결과를 나타내는 용법이다.

### ANSWER
C"
166,Syntax,Agreement,1,I,I,"### ANSWER
I"
167,Syntax,Agreement,1,H,H,"'-고 있'이 동작의 진행을 나타내려면 동작동사와 결합해야 합니다. H의 '쓰다듬고 있다'는 현재 호랑이를 쓰다듬는 동작이 진행 중임을 뜻합니다. 나머지는 대부분 심리 상태나 변화의 진행을 나타냅니다.

### ANSWER
H"
72,Syntax,Argument Structure & Valency,2,G,G,"각 문장에서 꺾쇠 안의 말이 서술어의 목적어인지 확인하면, G의 ‘습관은’은 ‘무서운 거야’라는 형용사적 서술어의 주어(주제)로 쓰였지 목적어가 아닙니다. 나머지는 모두 ‘오르내리다, 교체하다, 내놓다, 다듬다, 거절하다, 색칠하다, 깨트리다, 연결하다, 실어가다’의 목적어입니다.

### ANSWER
G"
73,Syntax,Argument Structure & Valency,3,D,D,"D의 “수술은”은 동사 “마치다”의 목적어로, 주어는 생략된 “너”입니다. 나머지는 모두 문장 또는 절의 주어로 쓰였습니다.

### ANSWER
D"
74,Syntax,Argument Structure & Valency,3,C,C,"'파트너가 되어줘'에서 '파트너가'는 '되다'가 요구하는 보어(목적격 보어)이지 주어가 아닙니다. 나머지 문장들의 꺽쇠 안 단어는 모두 주어로 볼 수 있습니다.

### ANSWER
C"
75,Syntax,Agreement,2,A,A,"### ANSWER
A"
76,Syntax,Agreement,1,E,E,"### ANSWER
E"
77,Syntax,Argument Structure & Valency,2,H,H,"'내가'는 '아니다'의 보어로 쓰였고, 문장의 주어는 '화분에 손댄 건'이다. 나머지는 모두 꺽쇠 안의 말이 주어 역할을 한다.

### ANSWER
H"
78,Syntax,Argument Structure & Valency,3,J,J,"""귀신은""은 '본 적이 있니?'에서 목적어(본의 대상)이고, 실제 주어는 생략된 '너'이다. 나머지는 모두 주어로 쓰였다.

### ANSWER
J"
79,Syntax,Agreement,3,F,D,"### ANSWER
D"
512,Syntax,Embedded Clauses,1,G,G,"'안긴 문장'이 문장 전체에서 주어 역할을 하는 경우를 찾아야 한다.  
G의 “갑자기 마감 기한이 연장되는 것은 부당하다”에서  
“갑자기 마감 기한이 연장되는 것”이 ‘부당하다’의 주어로 기능한다.  
다른 보기들은 안긴 문장이 목적어, 관형어, 서술어 등으로 쓰였거나 안긴 문장이 없다.

### ANSWER
G"
513,Syntax,Embedded Clauses,1,G,G,"안긴 문장이 문장 전체에서 어떤 구실을 하는지 보면, G의 “이 중학생이 테스트를 제시간에 마쳤는지”는 뒤의 “의심스럽다”의 주어 역할을 하며, ‘-가’로 표시되어 있습니다. 나머지는 목적어, 관형어, 부사어, 서술절 등으로 쓰였습니다.

### ANSWER
G"
514,Syntax,Embedded Clauses,1,C,C,"""꽃을 잘 키우기란 까다롭다""에서 '꽃을 잘 키우기'는 명사절로 안긴 문장이며, 전체 문장의 주어 역할을 한다. 다른 보기들은 관형절, 부사절, 서술절, 목적어 명사절 등으로 주어가 아니다.

### ANSWER
C"
515,Pragmatics,Implicature,1,C,C,"갑은 TV에 나오는 장소를 보며 ""우리는 저런 데 언제쯤 가 보나?""라고 말하는데, 이는 그런 곳에 가 보고 싶다는 희망이나 바람을 나타낸다. 을의 말은 TV로 보니 예쁘다는 뜻으로, 방문 의사나 장소의 실재 여부와는 관계없다.

### ANSWER
C"
516,Syntax,Embedded Clauses,2,J,J,"안긴문장 ‘야구공을 잘 던지시던’이 ‘할아버지’를 수식하는데, 이 관형사절 안에서 던지는 행위의 주체는 ‘할아버지’이고 목적어는 ‘야구공’입니다. 따라서 꺾쇠 안의 ‘할아버지’는 안긴문장에서 주어 기능을 합니다.

### ANSWER
J"
517,Syntax,Argument Structure & Valency,2,H,H,"보기의 ‘뒤집어져’는 ‘벤치가’라는 주어 하나만 요구하는 한 자리 서술어입니다.  
H의 ‘전진한다’도 주어 ‘병사들이’만 요구하며, ‘죽’은 부사어일 뿐 필수 논항이 아니므로 같은 한 자리 서술어입니다.  
나머지 보기들은 목적어나 필수 부사어를 추가로 요구합니다.

### ANSWER
H"
518,Syntax,Argument Structure & Valency,3,I,I,"### ANSWER
I"
519,Syntax,Argument Structure & Valency,3,E,E,"'발탁되다'는 ‘~로’라는 자격/역할 부사어를 필수적으로 요구하는 서술어이다. 따라서 ‘수상자로’는 문장의 의미를 완성하는 필수적 부사어이다. 나머지 꺾쇠 표현들은 장소, 시간, 원인, 비교 등 문맥에 따라 덧붙은 수의적 부사어이다.

### ANSWER
E"
432,Syntax,Argument Structure & Valency,2,I,I,"보기의 서술어 ‘지지부진하다’는 주어 하나만 요구하는 한 자리 서술어이다.  
‘범퍼가 으스러졌다’의 ‘으스러지다’도 주어 하나만 요구하므로 같다.

### ANSWER
I"
433,Syntax,Embedded Clauses,2,G,G,"'딸꾹질하던'이 ‘빈민’을 수식하는 관형사절(안긴문장)로, 체언을 꾸미는 관형어 역할을 한다. 다른 보기들은 명사절이나 부사절 등으로 관형어가 아니다.

### ANSWER
G"
434,Syntax,Embedded Clauses,2,G,G,"### ANSWER
G"
435,Syntax,Embedded Clauses,2,D,D,"D의 “옛이야기를 해주시던 할머니”에서 ‘옛이야기를 해주시던’이 ‘할머니’를 수식하는 관형사절이므로, 안긴 문장의 역할이 관형어입니다.

### ANSWER
D"
436,Syntax,Embedded Clauses,2,D,D,"'해가 갈수록'은 절 전체가 '늘어났다'를 수식하는 부사어로 기능한다. 다른 보기들은 관형사절, 명사절(주어/목적어) 등이다.

### ANSWER
D"
437,Morphology,Word Formation,2,I,I,"### ANSWER
I"
438,Morphology,Word Formation,3,D,C,"### ANSWER
C"
439,Morphology,Word Formation,3,F,A,"### ANSWER
A"
168,Phonetics/Phonology,Phonological Alternation,3,B,D,"### ANSWER
D"
169,Semantics,Semantic Compatibility,1,H,H,"H는 “명단을 결심했다”로, ‘결심하다’는 주로 행위나 의지를 나타내는 대상과 어울리지 ‘명단’ 같은 구체적인 사물을 목적어로 취하기 어렵다. 자연스럽게는 “명단을 작성했다/확인했다” 등이 적절하다. 나머지 선지들은 문법적·의미적으로 자연스럽다.

### ANSWER
H"
170,Semantics,Semantic Compatibility,1,G,G,"'여행을 매기다'는 자연스러운 표현이 아니다. '여행을 떠나다', '여행을 계획하다' 등이 어울리며, '매기다'는 값을 정하거나 세금을 부과할 때 쓰는 동사이므로 가장 어색하다.

### ANSWER
G"
171,Semantics,Semantic Compatibility,2,I,E,"""걷다""는 '이불을 걷다'처럼 ‘거두거나 접어 올리다’의 뜻으로 목적어를 취할 수 있지만, '연무'는 ‘걷다’의 목적어가 될 수 없다. 따라서 E가 가장 적절하다.

### ANSWER
E"
172,Semantics,Semantic Compatibility,1,H,H,"""영감님이 엊그제를 씹었다.""는 문법적 구조 자체는 성립합니다. 주어(영감님이), 목적어(엊그제를), 서술어(씹었다)가 모두 갖추어져 있고 어순도 정상입니다. 문제는 '엊그제'라는 시간 표현이 '씹다'의 대상이 될 수 없다는 의미적 충돌에 있습니다. 따라서 목적어가 서술어와 의미적으로 어울리지 않는 경우입니다.

### ANSWER
H"
173,Semantics,Word Relationships,1,C,C,"""어렵지만""은 '힘들고 까다롭지만'이라는 뜻으로, 식물을 가꾸는 일이 쉽지 않음을 나타냅니다. 보기 중 이와 문맥적 의미가 가장 가까운 것은 ""까다롭지만""입니다.

### ANSWER
C"
174,Semantics,Semantic Compatibility,1,G,G,"'수도권'은 지역(首都圈)을 뜻하는 말이지 출판물이 될 수 없으므로, '교사가 수도권을 출판했다'는 의미상 가장 어색하다.

### ANSWER
G"
175,Semantics,Semantic Compatibility,1,H,H,"'여행을 매겼다'는 '여행'과 '매다'가 어울리지 않는 어색한 표현이다. '여행을 떠나다/가다' 등이 자연스럽다. 나머지는 모두 자연스러운 문장이다.

### ANSWER
H"
672,Phonetics/Phonology,Phonological Alternation,3,I,I,"### ANSWER
I"
673,Phonetics/Phonology,Phonological Alternation,2,B,B,"### ANSWER
B"
674,Phonetics/Phonology,Phonological Alternation,3,J,J,"### ANSWER
J"
675,Phonetics/Phonology,Phonological Alternation,3,E,E,"### ANSWER
E"
676,Syntax,Argument Structure & Valency,1,G,D,"### ANSWER
D"
677,Syntax,Embedded Clauses,3,G,B,"### ANSWER
B"
678,Syntax,Ellipsis,3,A,G,"### ANSWER
G"
679,Syntax,Embedded Clauses,2,F,F,"### ANSWER
F"
320,Semantics,Semantic Compatibility,3,I,C,"[회사3]과 [집1]은 모두 ‘-에서’와 결합해 이동의 출발점(기점)을 나타낸다. 나머지 [회사1], [회사2], [집2]는 도착점/방향, [구내 식당], [탕비실], [휴게실]은 장소를 나타내므로 역할이 다르다.

### ANSWER
C"
321,Phonetics/Phonology,Phonological Alternation,3,G,J,"### ANSWER
J"
322,Phonetics/Phonology,Phonological Alternation,3,J,J,"### ANSWER
J"
323,Phonetics/Phonology,Phonological Alternation,3,G,D,"### ANSWER
D"
324,Pragmatics,Implicature,3,J,J,"갑은 “우리는 저런 데 언제 가 보나?”라고 말하며 방송에 나온 장소에 함께 가 보고 싶은 마음을 드러낸다. 을은 “다 텔레비전으로 보니까 예쁜 거야.”라고 답해 텔레비전이라는 매체의 효과로 예쁘게 보일 뿐임을 암시하지만, 갑의 발화 자체는 그 장소를 방문하고 싶다는 소망을 담고 있다.

### ANSWER
J"
325,Morphology,Verbal Conjugation,3,A,J,"### ANSWER
J"
326,Pragmatics,Implicature,3,H,H,"### ANSWER
H"
327,Morphology,Word Formation,3,B,B,"### ANSWER
B"
520,Syntax,Argument Structure & Valency,2,D,D,"'걸리다'는 '병에 걸리다'처럼 반드시 대상(병명)을 요구하는 서술어이다. 따라서 <심장병에>는 문장에서 생략할 수 없는 필수적 부사어이다. 다른 문장들의 꺾쇠 표현은 모두 빠져도 문장이 성립하는 수의적 부사어이다.

### ANSWER
D"
521,Semantics,Rhetorical Expressions,3,F,D,"### ANSWER
D"
522,Semantics,Rhetorical Expressions,3,I,E,"### ANSWER
E"
523,Semantics,Rhetorical Expressions,2,J,J,"""새벽 별을 보며"" 이어지는 문맥은 이른 아침에 일어나는 행동을 나타냅니다. A~I는 모두 일어나는 모습이나 상태를 자연스럽게 꾸며 주지만, J의 ""못 본 걸 본 듯""은 '보지 못한 것을 본 것처럼 행동한다'는 뜻으로, 기상 상황과 전혀 어울리지 않습니다.

### ANSWER
J"
524,Semantics,Rhetorical Expressions,2,E,E,"변동성이 높은 시장 상황에서도 꾸준히 투자하고 확장한 인물을 칭송하는 문맥이므로, 빈칸에는 용기·비전·끈기·흔들림 없음 같은 긍정적 비유가 어울립니다.  
그런데 “죽음을 앞둔 불나방”은 위험을 무릅쓰고 파멸로 향하는 부정적이고 자멸적인 이미지로, 지속적 성장과 성취를 기리는 자리에는 전혀 적절하지 않습니다.

### ANSWER
E"
525,Semantics,Rhetorical Expressions,1,H,H,"평균대에서 ‘날아올랐다’는 가벼움과 역동적인 상승의 이미지를 필요로 합니다. ‘거대한 산처럼’은 무겁고 정적인 이미지라서 날아오르는 동작과 어울리지 않습니다.

### ANSWER
H"
526,Semantics,Numeral Classifiers,1,B,B,"트레이닝복 상하의 세트는 옷의 단위로 ‘벌’을 사용하는 것이 가장 자연스럽습니다. ‘켤레’는 신발이나 양말, ‘장’은 종이나 얇은 판, ‘대’는 차량이나 기계 등에 어울립니다.

### ANSWER
B"
527,Semantics,Numeral Classifiers,2,H,H,"시금치는 일반적으로 시장에서 “단”으로 세는 채소입니다. “묶음”도 가능하지만, 시금치 같은 잎채소에는 ‘한 단, 두 단’이 가장 자연스러운 단위입니다. 따라서 “다섯 단 정도 팔렸습니다”가 질문에 가장 적절합니다.

### ANSWER
H"
232,Pragmatics,Implicature,3,D,D,"을은 “입으로 들어가는지 코로 들어가는지 모르겠더라”라고 말하는데, 이는 너무 급하게 먹어서 입으로 들어간지 코로 들어간지 모를 정도로 아침을 먹었다는 뜻입니다. 따라서 “아침은 먹었어?”라는 질문에 대해 간접적으로 긍정의 대답을 하고 있습니다.

### ANSWER
D"
233,Pragmatics,Implicature,3,C,G,"을의 대답이 질문에 대한 긍정/부정을 간접적으로라도 추론할 수 있는 경우를 찾는 문제입니다. A, D, I는 모임 참석을 거절하는 부정, B는 영화를 좋아하지 않는다는 부정, E와 H는 아침을 먹지 않았다는 부정, J는 주민등록증이 없다는 부정으로 판단할 수 있습니다. C도 딸의 머리가 엄마를 닮았다는 말로 공부를 잘한다는 긍정을 추론할 수 있습니다. 그러나 G는 “동생이 공부를 잘하느냐”는 질문에 “목이 타네”라고 전혀 무관한 말을 하므로 긍정인지 부정인지 판단할 수 없습니다.

### ANSWER
G"
234,Pragmatics,Deixis & Reference,3,C,I,"### ANSWER
I"
235,Phonetics/Phonology,Phonological Alternation,3,C,A,"### ANSWER
A"
236,Phonetics/Phonology,Phonological Alternation,2,A,A,"'달님'은 ‘ㄹ+ㄴ’ 구조에서 뒤의 ‘ㄴ’이 ‘ㄹ’로 바뀌어 [달림]으로 발음되는 유음화가 일어납니다. 나머지 제시어들은 표준 발음법에서 유음화가 적용되지 않는 예외 단어들입니다.

### ANSWER
A"
237,Pragmatics,Implicature,3,B,J,"대화에서 확인할 수 있는 것은 갑의 제안에 대해 을이 약속을 이유로 거절하고, 이후 갑의 질문에 을이 “저녁 약속”, “친구”, “그냥 친구”처럼 구체적이지 않은 답을 반복한다는 점입니다. 또한 “너 말 참 예쁘게 한다?”는 불쾌감을 드러내는 반어적 표현입니다.

그러나 “을은 평소 타인과 모임을 잘 갖지 않는다”는 내용은 이 대화만으로 전혀 알 수 없습니다. 이번 주말 약속이 있다는 것과 그 약속에 대해 자세히 말하지 않는 태도가 평소의 모임 성향을 의미한다고 볼 수 없습니다.

### ANSWER
J"
238,Syntax,Ellipsis,2,B,B,"### ANSWER
B"
239,Syntax,Agreement,3,F,D,"### ANSWER
D"
80,Syntax,Agreement,3,B,B,"### ANSWER
B"
81,Syntax,Agreement,3,A,C,"### ANSWER
C"
82,Syntax,Agreement,3,B,B,"### ANSWER
B"
83,Syntax,Agreement,2,I,I,"### ANSWER
I"
84,Syntax,Agreement,3,A,A,"A는 ‘엿보다’의 피동형 ‘엿보이다’가 쓰여 피동 표현이며, 주동 표현이 없다. 나머지 문장들은 능동·주동 표현이거나 형용사적 서술어를 쓴 경우다.

### ANSWER
A"
85,Syntax,Agreement,2,J,J,"주동문은 주어가 동작을 직접 행하는 능동문을 뜻합니다. 피동문이나 사동문은 주동문이 아닙니다.  
J의 ‘얽매이지 마라’는 ‘얽매다’에 피동 접미사 ‘-이-’가 결합된 ‘얽매이다’가 쓰인 피동문입니다. 따라서 주동문이 아닙니다.

### ANSWER
J"
86,Syntax,Agreement,3,G,G,"### ANSWER
G"
87,Syntax,Agreement,3,I,I,"### ANSWER
I"
680,Syntax,Argument Structure & Valency,1,H,H,"'걸었다'는 주어인 영희가 스스로 행위를 직접 수행하는 능동 동사입니다. 나머지 문장들은 주어가 변화를 겪거나 상태를 나타내는 경우가 대부분입니다.

### ANSWER
H"
681,Phonetics/Phonology,Phonological Constraints,3,E,E,"<보기>의 예들은 ‘홀짝(ㅗ/ㅏ)-훌쩍(ㅜ/ㅓ)’처럼 양성모음(ㅏ, ㅗ)끼리, 음성모음(ㅓ, ㅜ)끼리 어울리는 한국어 모음조화를 보여 준다. 따라서 양성과 음성이 섞인 경우가 규칙을 어긴 사례이다.  
오순도순은 ‘오(ㅗ)-순(ㅜ)-도(ㅗ)-순(ㅜ)’으로 양성모음 ㅗ와 음성모음 ㅜ가 섞여 있어 모음조화를 위반한다.

### ANSWER
E"
682,Phonetics/Phonology,Phonological Constraints,3,I,I,"보기들은 양성모음(ㅏ, ㅗ)끼리, 음성모음(ㅓ, ㅜ)끼리 쓰는 한국어 모음조화/모음동화 규칙을 보여 줍니다.  
`뚝딱뚝딱`은 음성모음 `ㅜ`와 양성모음 `ㅏ`가 섞여 있어 이 규칙을 따르지 않습니다.

### ANSWER
I"
683,Semantics,Semantic Compatibility,1,C,C,"C는 무생물인 동전이 주머니에서 빠져나와 하수구로 들어간 상황을 있는 그대로 서술한 자연스러운 문장이다. 나머지는 돌, 농구공, 안마기, 상자, 책, 가로수, 식탁, 기둥, 의자 같은 무생물이 사람처럼 행동하는 비유적 표현이라 어색하다.

### ANSWER
C"
684,Syntax,Embedded Clauses,3,J,C,"### ANSWER
C"
685,Semantics,Numeral Classifiers,3,D,B,"### ANSWER
B"
686,Syntax,Scrambling,3,H,E,"### ANSWER
E"
687,Syntax,Scrambling,2,B,B,"'황량한'은 명사를 수식하는 관형어이므로, 문장에서 가장 자연스러운 대상은 '공원'입니다. 따라서 '공원에서' 앞에 위치해야 하며, 이는 (5)번 위치입니다. 보기에 (5)가 중복되어 있지만 그중 하나를 고르면 B입니다.

### ANSWER
B"
328,Phonetics/Phonology,Phonological Alternation,3,I,I,"### ANSWER
I"
329,Morphology,Word Formation,3,G,D,"### ANSWER
D"
330,Morphology,Word Formation,2,F,F,"### ANSWER
F"
331,Morphology,Verbal Conjugation,3,D,F,"### ANSWER
F"
332,Morphology,Verbal Conjugation,3,J,E,"### ANSWER
E"
333,Phonetics/Phonology,Articulatory Phonetics,3,J,J,"### ANSWER
J"
334,Phonetics/Phonology,Articulatory Phonetics,3,H,B,"### ANSWER
B"
335,Phonetics/Phonology,Articulatory Phonetics,3,F,F,"파찰음은 ㅈ, ㅉ, ㅊ입니다. 이 중 무기음이 아닌 것, 즉 거센소리(유기음)인 파찰음은 ㅊ입니다.

### ANSWER
F"
240,Syntax,Argument Structure & Valency,3,I,I,"### ANSWER
I"
241,Syntax,Agreement,3,C,F,"ㄱ[나]는 화자 자신을 가리킨다. ㅅ[내]는 ‘내가’에서 ‘나’에 주격 조사 ‘가’가 결합된 형태이므로 같은 대상을 가리킨다. 나머지는 부모님, 장소, 기린, 또는 감탄사나 부름말 등으로 화자와 다르다.

### ANSWER
F"
242,Syntax,Argument Structure & Valency,2,B,B,"### ANSWER
B"
243,Syntax,Argument Structure & Valency,3,J,H,"### ANSWER
H"
244,Syntax,Embedded Clauses,1,H,H,"### ANSWER
H"
245,Syntax,Agreement,2,F,F,"보기의 문장은 ‘물어보셨다’에서 선어말어미 ‘-시-’를 사용하여 주체(김승지)를 높이는 **주체 높임법**이 쓰였습니다.  
F의 ‘바라보셨던’도 ‘-시-’가 결합하여 주체인 ‘그’를 높이는 주체 높임법입니다. 나머지 보기는 상대 높임이나 객체 높임에 해당합니다.

### ANSWER
F"
246,Syntax,Agreement,3,C,C,"### ANSWER
C"
247,Syntax,Agreement,3,D,D,"### ANSWER
D"
688,Syntax,Ellipsis,3,E,A,"### ANSWER
A"
689,Syntax,Ellipsis,2,A,A,"'책을'은 문장의 목적어로, 이를 생략하면 '새로운'이 수식할 대상이 없어져 어색하고 비문이 된다. 나머지 부사어나 시간 표현은 생략해도 문장이 자연스럽다.

### ANSWER
A"
690,Syntax,Agreement,1,C,C,"""그는 독감에 걸렸다""에서 '걸리다'는 피동 표현이 아니라 '병에 걸리다'라는 뜻의 능동적 표현으로, 능동문으로 바꿀 대상이 없다. 나머지 option들은 모두 피동문으로, 행위주를 주어로 한 능동문으로 바꿀 수 있다.

### ANSWER
C"
691,Syntax,Embedded Clauses,2,B,B,"각 꺾쇠 단어는 안긴문장(관형사절)이 수식하는 핵어로, 안긴문장 안에서의 기능을 복원하면 다음과 같습니다.

- A: 음식점에 갔다 → 부사어
- B: 책을 읽었다 → 목적어
- C: 소파에 앉았다 → 부사어
- D: 주말에 갔다 → 부사어
- E: 바닥이 대리석으로 되다 → 주어
- F: 친구가 테니스를 친다 → 주어
- G: 생각이 시대에 뒤떨어지다 → 주어
- H: 부부가 결혼했다 → 주어
- I: 도서관에서 공부했다 → 부사어
- J: 친구가 동생을 닮았다 → 주어

B만 목적어로 기능하므로 나머지와 다릅니다.

### ANSWER
B"
692,Syntax,Embedded Clauses,2,H,H,"H는 ""비가 오지만 날씨가 춥지 않다""로, 두 절이 대등하게 이어진 문장이다. 나머지는 명사절, 관형사절, 부사절, 서술절, 인용절 등 안긴 문장을 가진 안은문장이다.

### ANSWER
H"
693,Syntax,Argument Structure & Valency,2,G,G,"### ANSWER
G"
694,Syntax,Argument Structure & Valency,1,D,D,"<보기>의 ‘두다’는 ‘놓다’의 뜻으로, 주어·목적어·처소 부사어라는 세 필수 성분을 요구합니다. 이와 같은 3자리 서술어는 ‘회장은 그를 후계자로 삼았다’의 ‘삼다’입니다. ‘삼다’도 주어, 목적어, ‘~로’에 해당하는 필수 성분을 요구합니다.

### ANSWER
D"
695,Syntax,Agreement,3,J,H,"### ANSWER
H"
336,Phonetics/Phonology,Articulatory Phonetics,3,B,B,"### ANSWER
B"
337,Phonetics/Phonology,Articulatory Phonetics,3,A,H,"초성(첫소리)이 후음(목구멍소리)인 글자는 ‘ㅎ’입니다. 보기 중 ‘학’의 초성은 ‘ㅎ’이므로 후음에 해당합니다.

### ANSWER
H"
338,Phonetics/Phonology,Articulatory Phonetics,3,J,J,"### ANSWER
J"
339,Phonetics/Phonology,Phonological Constraints,3,D,D,"두음법칙은 한자어의 첫머리에서 ‘ㄹ’이나 ‘ㄴ’이 특정 모음 앞에서 ‘ㅇ’으로 바뀌는 현상입니다.  
A ‘연습’은 練習의 ‘련’이 ‘연’으로, B ‘유행’은 流行의 ‘류’가 ‘유’로, C ‘연락’은 連絡의 ‘련’이 ‘연’으로, E ‘여자’와 G ‘여군’은 女子·女軍의 ‘녀’가 ‘여’로, F ‘여행’은 旅行의 ‘려’가 ‘여’로, H ‘요리’는 料理의 ‘료’가 ‘요’로, I ‘이론’은 理論의 ‘리’가 ‘이’로, J ‘이륙’은 離陸의 ‘리·륙’이 ‘이·육’으로 바뀐 예입니다.  
그러나 D ‘연구’의 ‘연’은 硏究에서 본래 ‘연’으로 읽히는 한자어로, 두음법칙이 적용된 형태가 아닙니다.

### ANSWER
D"
340,Phonetics/Phonology,Phonological Constraints,3,B,B,"두음법칙은 단어 첫머리에서 ‘ㄴ’이나 ‘ㄹ’이 특정 모음 앞에서 ‘ㅇ’이나 ‘ㄴ’으로 바뀌는 현상입니다. 대부분의 보기는 한자어의 원래 첫소리가 ‘ㄴ’ 또는 ‘ㄹ’이었다가 두음법칙이 적용된 경우입니다. 그러나 ‘연산’은 ‘演算’으로, 원래 첫소리가 ‘ㅇ’이므로 두음법칙이 적용되지 않았습니다.

### ANSWER
B"
341,Phonetics/Phonology,Phonological Constraints,3,E,E,"<보기>의 단어들은 양성모음(ㅏ, ㅗ)은 양성모음끼리, 음성모음(ㅓ, ㅜ)은 음성모음끼리 어울리는 모음조화를 보여 준다.  
‘깡충깡충’은 양성모음 ‘ㅏ’와 음성모음 ‘ㅜ’가 한 단어 안에 섞여 있어 이 규칙에서 가장 벗어난다.

### ANSWER
E"
342,Phonetics/Phonology,Suprasegmental Features,3,J,H,"### ANSWER
H"
343,Phonetics/Phonology,Articulatory Phonetics,2,J,J,"향음(響音)은 공명음으로, 국어 자음 중 비음 ‘ㄴ, ㅁ, ㅇ’과 유음 ‘ㄹ’이 이에 해당합니다. 보기에서 자음인 것은 ㄱ, ㄷ, ㅂ, ㅎ, ㅁ인데, 이 중 향음은 비음인 ‘ㅁ’입니다.

### ANSWER
J"
248,Syntax,Ellipsis,2,D,D,"### ANSWER
D"
249,Syntax,Argument Structure & Valency,3,D,I,"### ANSWER
I"
250,Syntax,Embedded Clauses,3,J,J,"‘J’의 안긴문장은 “그렇게 해서 위기를 모면할 수 있다”로 볼 수 있습니다. 이때 꺾쇠 안의 ‘위기’는 ‘모면하다’의 목적어 기능을 합니다. 관형절 ‘모면할 수 있을’이 ‘위기’를 수식하는 구조입니다.

### ANSWER
J"
251,Syntax,Agreement,2,C,C,"<보기>의 “출산하신다고”에는 주체 높임 선어말 어미 ‘-시-’가 쓰여 주체 높임법이 나타난다.  
C의 “남다르시구만”에도 ‘-시-’가 쓰여 주체 높임법이 사용되었다.

### ANSWER
C"
252,Morphology,Word Formation,1,J,C,"### ANSWER
C"
253,Semantics,Rhetorical Expressions,3,J,J,"지문은 과거에 얽매이지 말고 마음을 다잡아 미래에 대비하라는 내용이다. J는 “즐겁게 쉴 준비”를 하겠다고 하여, 지문의 ‘벌어질 일에 대비하고 준비하라’는 핵심을 오히려 휴식으로 왜곡했다. 따라서 가장 적합하지 않은 해석은 J다.

### ANSWER
J"
254,Morphology,POS & Morphemes,2,D,D,"문장을 형태소로 분석하면:

비(실질) + 가(조사) / 내리(실질) + 자(연결어미) / 인부(실질) + 들(복수접미사) + 은(조사) / 황급(실질) + 히(접사) / 건물(실질) + 로(조사) / 가(실질) + 았(선어말어미) + 다(어말어미)

여기서 형식 형태소는 문법적 기능을 담당하는 조사, 어미, 접사이므로 앞에서부터 순서대로:
가, -자, 들, 은, 히, 로, -았-, -다

### ANSWER
D"
255,Semantics,Rhetorical Expressions,3,B,H,"지문은 소비자들이 고금리·고물가로 명품 소비를 줄이고 실용적 소비를 선호하는데, 명품 브랜드들은 오히려 가격을 올리는 전략을 유지한다는 내용입니다. H는 “이런 상황일수록 명품이 더 빛난다”고 주장하여 소비 심리 위축이라는 지문의 흐름과 정면으로 배치됩니다.

### ANSWER
H"
696,Syntax,Ellipsis,3,A,J,"J는 “하나둘 떠올랐다”(여럿이 차례로 떠올랐다)가 “하나 떠올랐다”(한 마리만 떠올랐다)로 바뀌어 의미가 달라집니다. 나머지는 조사나 연결어미 생략으로 의미가 유지됩니다.

### ANSWER
J"
697,Semantics,Inter-sentence Relations,3,B,B,"민서는 과대가 아까 버스에서 자신에게 샌드위치를 받으라고 말했던 일을 떠올리며 이야기하고 있습니다. 이어서 “과대가 나한테 쩌렁쩌렁하게 소리쳤어서 확실히 기억해”라고 했으므로, 직접 경험한 과거 일을 회상하는 표현이 자연스럽습니다. ‘하던걸’은 과거에 실제로 있었던 일을 떠올리며 말할 때 쓰는 표현으로, 이 문맥에 가장 잘 어울립니다.

### ANSWER
B"
698,Semantics,Inter-sentence Relations,3,D,C,"### ANSWER
C"
699,Semantics,Inter-sentence Relations,2,G,G,"지문에서 음악실은 동아리실(1층)의 바로 위층에 있고, 과학실은 본관 3층이라고 했다. 따라서 음악실과 과학실이 같은 층이라는 설명은 명백히 거짓이다. 다른 선지들은 층수·소속·지각 여부·부상 부위 등이 지문에 직접 언급되지 않아 확실히 판단할 수 없다.

### ANSWER
G"
344,Morphology,Word Formation,1,E,E,"제27항은 합성어나 접두사가 붙은 말에서 원형을 밝혀 적되, 어원이 분명하지 않으면 밝혀 적지 않아도 된다는 규정입니다.  
‘며칠’은 ‘몇 + 일’에서 온 말로 볼 수 있지만, 표준 표기가 ‘몇일’이 아니라 ‘며칠’입니다. 즉 원형을 그대로 밝혀 적지 않은 대표적인 예입니다. 나머지 보기들은 대체로 원형을 밝혀 적은 경우입니다.

### ANSWER
E"
345,Morphology,Word Formation,2,E,A,"### ANSWER
A"
346,Morphology,Word Formation,1,C,C,"<보기>의 조건은 어근과 접사 결합, 그리고 접미사로 품사가 바뀐 단어이다.  
'지우개'는 동사 '지우다'의 어간 '지우-'에 명사화 접미사 '-개'가 결합하여 명사가 된 단어이므로 두 조건을 모두 만족한다.

### ANSWER
C"
347,Phonetics/Phonology,Phonological Constraints,3,B,A,"### ANSWER
A"
348,Syntax,Argument Structure & Valency,3,A,A,"""설교하신다""는 주어(큰아버지께서), 대상(학벌의 중요성을), 상대(우리 남매에게)의 세 자릿수를 요구하는 서술어입니다. 다른 선택지들은 대부분 한 자리 또는 두 자리 서술어이므로, 정답은 A입니다.

### ANSWER
A"
349,Syntax,Argument Structure & Valency,3,F,F,"'접목하다'는 ‘[주어]가 [대상]을 [장소/대상]에 접목하다’처럼 세 자릿수를 요구하는 서술어이다.  
F문장은 ‘우리 계열사에서(주어) 생산 라인에(부사어) AI를(목적어) 접목했다’로 세 논항이 모두 실현되었다.  
나머지 문장들은 주어+목적어, 주어+부사어 등 두 자릿수 이하로 쓰였다.

### ANSWER
F"
350,Syntax,Argument Structure & Valency,1,A,A,"'제안하다'는 주어(중국의 한 팀), 대상(그 프로게이머에게), 내용/목적물(100억의 연봉을)의 세 자릿수를 요구하는 삼자리 서술어입니다. 나머지 보기들은 주어와 목적어, 또는 주어만 요구하는 이자리/일자리 서술어이거나 부사어가 포함된 경우입니다.

### ANSWER
A"
351,Syntax,Argument Structure & Valency,2,A,A,"### ANSWER
A"
256,Semantics,Rhetorical Expressions,3,C,F,"### ANSWER
F"
257,Morphology,POS & Morphemes,2,I,I,"<보기>의 ‘은’은 문장에서 특정 의미를 더하는 보조사이다. 보기 중 ‘까지’도 “그런 것까지”에서 ‘그런 것’에 뜻을 더해 한계나 포함의 의미를 나타내는 보조사이다. 나머지는 격조사나 접속조사이다.

### ANSWER
I"
258,Morphology,POS & Morphemes,3,A,A,"<보기>의 ‘정부(에서)’는 정부라는 기관/단체가 주체가 되어 행동함을 나타내는 주격 조사로 쓰였습니다. 따라서 같은 주격 조사인 ‘께서’가 쓰인 A가 정답입니다.

### ANSWER
A"
259,Semantics,Rhetorical Expressions,2,E,A,"### ANSWER
A"
260,Semantics,Rhetorical Expressions,3,I,J,"대부분의 보기는 경기가 어려운 상황에서 자영업자들이 “힘들게, 애써, 절박하게” 일하는 모습을 나타내는 표현으로 어울립니다. 그러나 ‘눈 뜨고는 못 보듯’은 “눈 뜨고는 못 볼”이라는 관용 표현에서 나온 것으로, ‘보기에 참혹하거나 민망한 상황’을 말할 때 쓰지 일하는 태도를 꾸미는 표현으로는 적절하지 않습니다.

### ANSWER
J"
261,Semantics,Numeral Classifiers,3,H,H,"### ANSWER
H"
262,Semantics,Numeral Classifiers,1,J,E,"유물의 수를 셀 때는 일반적으로 ‘점(點/件)’이라는 단위를 쓰지만, 이 경우 올바른 표현은 ‘세 점’입니다. 보기에는 ‘세 점’이 없고 ‘석 점’이 있는데, ‘석’은 ‘달, 자, 되’ 등 특정 단위 앞에서만 쓰는 형태이므로 ‘석 점’은 적절하지 않습니다. 따라서 가장 자연스럽고 무난한 표현은 ‘세 개’입니다.

### ANSWER
E"
263,Morphology,POS & Morphemes,3,D,D,"### ANSWER
D"
